ticker,official_name,sector,industry,description,full_name
ABIO,iАРТГЕН ао,Здравоохранение,Услуги по уходу за больными,Описание не найдено,"ПАО ""Артген"""
ABRD,АбрауДюрсо,Потребительские товары недлительного пользования,Напитки: алкогольные,Описание не найдено,Абрау-Дюрсо ПАО - обыкн.
AFKS,Система ао,Связь,Беспроводные телекоммуникации,Описание не найдено,"АФК ""Система"" ПАО - обыкн."
AFLT,Аэрофлот,Транспорт,Авиакомпании,"ПАО «Аэрофлот — Российские авиалинии» осуществляет полёты и коммерческую деятельность на воздушных линиях. Компания предоставляет услуги пассажирских и грузовых авиаперевозок как внутри страны, так и на международном уровне, наряду с другими авиационными сервисами. Аэрофлот осуществляет свою деятельность посредством двух бизнес-сегментов: Авиаперевозки и Прочее. Компания была основана 17 марта 1932 года. Штаб-квартира расположена в Москве, Россия.",Аэрофлот-росс.авиалин(ПАО)ао
ALRS,АЛРОСА ао,Несырьевые полезные ископаемые,Прочие металлы и минералы,"ПАО АК Алроса (ПАО Акционерная компания Алроса), ранее известная как ОАО АК Алроса, — это российская компания, которая в основном занимается разведкой, добычей, производством и продажей алмазов. Она управляет пятью интегрированными горно-обогатительными комплексами: Мирный, Удачный, Айхал, Анабар и Нюрба, расположенными в Республике Саха; сортировочным подразделением и подразделением по гранению и полировке алмазов. Компания является членом множества алмазных организаций. Она осуществляет свою деятельность через несколько представительств, отделений и дочерних компаний, включая ОАО Алроса–Нюрба, ОАО Алмазы Анабара и ОАО Севералмаз.",АЛРОСА ПАО - обыкн.
AMEZ,АшинскийМЗ,Несырьевые полезные ископаемые,Сталь,Описание не найдено,Ашинский метзавод ПАО - обыкн.
APRI,АПРИ,Unknown,Unknown,Описание не найдено,АПРИ
APTK,Аптеки36и6,Розничная торговля,Аптечные сети,Описание не найдено,"ПАО ""Аптечная сеть 36,6"" - обыкн."
ARSA,Арсагера,Финансы,Управление инвестициями,Описание не найдено,УК Арсагера ПАО - обыкн.
ASSB,АстрЭнСб,Коммунальные услуги,Электроэнергетика,Описание не найдено,"""Астраханская ЭСК"" ПАО"
BISVP,БашИнСв ап,Связь,Ведущие телекоммуникационные компании,Описание не найдено,Башинформсвязь(ПАО) - прив.
BLNG,Белон ао,Энергетические и минеральные ресурсы,Уголь,Описание не найдено,Белон ОАО - обыкн.
BSPB,БСП ао,Финансы,Региональные банки,Описание не найдено,"ПАО ""Банк ""Санкт-Петербург"" - обыкн."
BSPBP,БСП ап,Финансы,Региональные банки,Описание не найдено,Банк Санкт-Петербург - прив.
CARM,СТГ,Unknown,Unknown,Описание не найдено,СТГ - обыкн.
CBOM,МКБ ао,Финансы,Региональные банки,Описание не найдено,"""МКБ"" ПАО - обыкн."
CHGZ,РН-ЗапСиб,Энергетические и минеральные ресурсы,Нефтегазовое производство,Описание не найдено,РН-Западная Сибирь ПАО - обыкн.
CNTL,Телеграф,Связь,Специализированные телекоммуникации,Описание не найдено,"""Центральный Телеграф"" ПАО - обыкн."
CNTLP,Телеграф-п,Связь,Специализированные телекоммуникации,Описание не найдено,"""Центральный Телеграф"" ПАО - прив."
DIOD,ЗаводДИОД,Медицинские технологии,Фармацевтические товары: прочие лекарственные средства,Описание не найдено,Завод ДИОД ПАО - обыкн.
DVEC,ДЭК ао,Коммунальные услуги,Электроэнергетика,Описание не найдено,"""ДЭК"" ПАО - обыкн."
EELT,ЕвроЭлтех,Электронные технологии,Электронные комплектующие,Описание не найдено,"""ЕвропЭлектротехника"" ПАО - обыкн."
ELFV,ЭЛ5Энер ао,Коммунальные услуги,Электроэнергетика,Описание не найдено,"""ЭЛ5-Энерго"" ПАО"
ELMT,Элемент,Unknown,Unknown,Описание не найдено,Элемент
FEES,Россети,Коммунальные услуги,Электроэнергетика,Описание не найдено,"""ФСК - Россети"" ПАО"
FESH,ДВМП ао,Транспорт,Морские перевозки,Описание не найдено,ДВ морское пароходство ПАО - обыкн.
FLOT,Совкомфлот,Транспорт,Морские перевозки,Описание не найдено,Совкомфлот - обыкн.
GAZA,ГАЗ ао,Промышленное производство,"Грузовые автомобили, строительная и сельскохозяйственная техника",Описание не найдено,ГАЗ ПАО - обыкн.
GAZAP,ГАЗ ап,Промышленное производство,"Грузовые автомобили, строительная и сельскохозяйственная техника",Описание не найдено,ГАЗ ПАО - прив.
GAZC,ГАЗКОН-ао,Финансы,Финансовые конгломераты,Описание не найдено,ГАЗКОН (ПАО) - обыкн.
GAZP,ГАЗПРОМ ао,Энергетические и минеральные ресурсы,Интегрированная нефтяная промышленность,"ПАО «Газпром» — транснациональная энергетическая компания. Газпром специализируется на геологоразведке, добыче, транспортировке, хранении, переработке и сбыте газа, газового конденсата и нефти, продаже газа в качестве автомобильного топлива, а также производстве и сбыте тепловой и электрической энергии. Компания осуществляет свою деятельность посредством следующих сегментов: Добыча газа, Транспортировка, Сбыт газа, Хранение газа, Добыча нефти и газового конденсата, Нефтепереработка, а также Производство и продажа электрической и тепловой энергии. Газодобывающий сегмент занимается изучением и добычей газа, в то время как сегмент транспортировки осуществляет его перевозки. В сегмент сбыта газа входит продажа газа как в пределах Российской Федерации, так и за её заграницами. Сегмент газохранения отвечает за хранение добытого и приобретенного газа в подземных хранилищах. Сегмент добычи сырой нефти и газового конденсата занимается изучением, добычей и продажей нефти и газового конденсата. Нефтеперерабатывающий сегмент осуществляет очистку нефти, газового конденсата и других углеводородов, а также занимается продажей продуктов нефтепереработки. Компания была основана в 1989 году. Штаб-квартира расположена в Москве, Россия.","""Газпром"" (ПАО) - обыкн."
GAZS,ГАЗ-сервис,Финансы,"Инвестиционные банки, брокеры",Описание не найдено,ГАЗ-сервис (ПАО) - обыкн.
GAZT,ГАЗ-Тек ао,Финансы,"Инвестиционные банки, брокеры",Описание не найдено,ГАЗ-Тек ПАО - обыкн.
GECO,iГЕНЕТИКО,Unknown,Unknown,Описание не найдено,ЦГРМ ГЕНЕТИКО - обыкн.
GEMA,iММЦБ ао,Медицинские технологии,Биотехнологии,Описание не найдено,ПАО ММЦБ - обыкн.
GMKN,ГМКНорНик,Несырьевые полезные ископаемые,Прочие металлы и минералы,"ПАО ГМК Норильский Никель занимается исследованием, добычей и переработкой руды и неметаллических минералов, а также продажей черных и цветных металлов, добытых из руды. Подразделения компании включают в себя: ГМК Груп, которое отвечает за добычу и металлургию, транспортные услуги, энергию, ремонтные и сервисные услуги на Таймырском полуострове; КГМК Груп, которое ведёт добычу и металлургические операции, энергетические операции и геологоразведку на Кольском полуострове; Norilsk Nickel Harjavalta, отвечающее за операции по нефтепереработке в Финляндии; Другие металлургические предприятия, включающие в себя металлургическую деятельность и геологоразведку в России и за рубежом, и Другие неметаллургические предприятия, включают в себя торговлю металлом и другими товарами, управление цепью снабжения, транспортные услуги, энергию и энергетику, исследования и другую деятельность в России и за рубежом. Производственные мощности компании расположены на Таймырском и Кольском полуостровах в России и в Финляндии.","ГМК ""Нор.Никель"" ПАО - обыкн."
GTRK,ГТМ ао,Транспорт,Грузоперевозки,Описание не найдено,"ПАО ""ГТМ"" - обыкн."
HIMCP,Химпром ап,Обрабатывающая промышленность,Химическая промышленность: специализированные химикаты,Описание не найдено,Химпром ПАО - прив.
HYDR,РусГидро,Коммунальные услуги,Электроэнергетика,"ПАО Федеральная гидрогенерирующая компания — РусГидро, ранее известная как ОАО «Федеральная гидрогенерирующая компания — РусГидро» и ОАО ГидроОГК, — это российская компания, которая занимается генерацией, передачей и поставками электроэнергии на оптовый рынок РФ. Основная деятельность компании состоит в производстве электроэнергии из возобновляемых источников, развитии электрогенерации с использованием течения воды, приливов, ветра и геотермальной энергии. Компания осуществляет свою деятельность посредством множества подразделения на всей территории Российской Федерации.","ПАО ""РусГидро"""
IRAO,ИнтерРАОао,Коммунальные услуги,Электроэнергетика,"ПАО Интер РАО ЕЭС, ранее известная как ОАО Интер РАО ЕЭС, — это расположенная в России компания, работающая в секторе энергетики. Она занимается производством, распространением и продажей термальной и электроэнергии, экспортом и импортом электроэнергии, торговлей электроэнергией на внутреннем и внешнем рынках, розничной продажей электроэнергии и управлением зарубежными активами. Компания торгует электроэнергией на внутреннем и внешнем рынках, последний включает помимо прочих Финляндию, Беларусь, Литву, Грузию, Украину и Турцию. У ПАО Интер РАО ЕЭС есть несколько представительств и местных отделений в Бельгии, Эквадоре и Кубе, через которые оно осуществляет свою деятельность.","""Интер РАО"" ПАО - обыкн."
IRKT,Яковлев-3,Электронные технологии,Авиакосмическая и оборонная промышленность,Описание не найдено,"""Яковлев"" ПАО ак.об.-3"
JNOS,Славн-ЯНОС,Энергетические и минеральные ресурсы,Переработка и продажа нефти,Описание не найдено,Славнефть-ЯНОС (ПАО) - обыкн.
JNOSP,Слав-ЯНОСп,Энергетические и минеральные ресурсы,Переработка и продажа нефти,Описание не найдено,Славнефть-ЯНОС (ПАО) - прив.
KAZT,Куйбазот,Обрабатывающая промышленность,Химическая промышленность: специализированные химикаты,Описание не найдено,Куйбышевазот ПАО - обыкн.
KAZTP,Куйбазот-п,Обрабатывающая промышленность,Химическая промышленность: специализированные химикаты,Описание не найдено,Куйбышевазот ПАО - прив.
KBSB,ТНСэКубань,Коммунальные услуги,Электроэнергетика,Описание не найдено,ТНС энерго Кубань ПАО - обыкн.
KCHE,КамчатЭ ао,Коммунальные услуги,Альтернативные источники энергии,Описание не найдено,Камчатскэнерго ПАО - обыкн.
KCHEP,КамчатЭ ап,Коммунальные услуги,Альтернативные источники энергии,Описание не найдено,Камчатскэнерго ПАО - прив.
KGKC,КурганГКао,Коммунальные услуги,Электроэнергетика,Описание не найдено,Курганская генер.комп.ПАО - обыкн.
KGKCP,КурганГКап,Коммунальные услуги,Электроэнергетика,Описание не найдено,Курганская генер. комп. ПАО - прив.
KLSB,КалужскСК,Коммунальные услуги,Электроэнергетика,Описание не найдено,"""Калужская сбыт.комп.""ПАО - обыкн."
KLVZ,Кристалл,Unknown,Unknown,Описание не найдено,Алкогольная Группа Кристалл
KMAZ,КАМАЗ,Промышленное производство,"Грузовые автомобили, строительная и сельскохозяйственная техника",Описание не найдено,КАМАЗ ПАО
KRKOP,ТКЗКК ап,Промышленное производство,Промышленное оборудование,Описание не найдено,ТКЗ Красный котельщик ПАО - прив.
KROT,КрасОкт-ао,Потребительские товары недлительного пользования,Пищевая промышленность: деликатесы и кондитерские изделия,Описание не найдено,"""КрасныйОктябрь"" ПАО - - обыкн."
KROTP,КрасОкт-1п,Потребительские товары недлительного пользования,Пищевая промышленность: деликатесы и кондитерские изделия,Описание не найдено,КрасныйОктябрь-1п
KRSB,Красэсб ао,Коммунальные услуги,Электроэнергетика,Описание не найдено,Красноярскэнергосбыт - обыкн.
KRSBP,Красэсб ап,Коммунальные услуги,Электроэнергетика,Описание не найдено,Красноярскэнергосбыт - прив.
KUZB,КузнецкийБ,Финансы,Региональные банки,Описание не найдено,"Банк ""Кузнецкий"" ПАО - обыкн."
KZOS,ОргСинт ао,Промышленное производство,Прочие виды производства,Описание не найдено,"ПАО ""Органический синтез"" - обыкн."
KZOSP,ОргСинт ап,Промышленное производство,Прочие виды производства,Описание не найдено,"ПАО ""Органический синтез"" - прив."
LIFE,Фармсинтез,Медицинские технологии,Фармацевтические товары,Описание не найдено,Фармсинтез ПАО - обыкн.
LPSB,ЛЭСК ао,Коммунальные услуги,Электроэнергетика,Описание не найдено,Липецкая энергосбыт.ком.ОАО - обыкн.
LSNG,РСетиЛЭ,Коммунальные услуги,Электроэнергетика,Описание не найдено,Россети Ленэнерго ПАО - обыкн.
LSNGP,РСетиЛЭ-п,Коммунальные услуги,Электроэнергетика,Описание не найдено,Россети Ленэнерго ПАО - прив.
LVHK,Левенгук,Электронные технологии,Электронные комплектующие,Описание не найдено,Левенгук ПАО - обыкн.
MAGE,МагадЭн ао,Коммунальные услуги,Электроэнергетика,Описание не найдено,"""Магаданэнерго"" ПАО - обыкн."
MAGEP,МагадЭн ап,Коммунальные услуги,Электроэнергетика,Описание не найдено,"""Магаданэнерго"" ПАО - прив."
MAGN,ММК,Несырьевые полезные ископаемые,Сталь,"ОАО Магнитогорский металлургический комбинат (ОАО ММК) — это расположенная в России компания, ведущая деятельность в сталелитейной сфере. Её основная продукция — это агломерат, кокс, железо, сырая сталь, руда и прокатные продукты. Компания предлагает большой спектр продуктов, таких как прут, арматура, арматура для железобетона, круглая и плоская арматура и другие. ОАО Магнитогорский металлургический комбинат является поставщиком для таких индустрий, как: трубопроводы, машиностроение, железные дороги, строительство и судостроение и другие. Компания работает в РФ и экспортирует свою продукцию в СНГ, Азию, Ближний Восток и страны Европы.","""Магнитогорск.мет.комб"" ПАО - обыкн."
MFGS,Мегион-ао,Энергетические и минеральные ресурсы,Интегрированная нефтяная промышленность,Описание не найдено,"""Славнефть-Мегионнефтегаз"" - обыкн."
MFGSP,Мегион-ап,Энергетические и минеральные ресурсы,Интегрированная нефтяная промышленность,Описание не найдено,ап Мегионнефтегаз
MGKL,МГКЛ,Unknown,Unknown,Описание не найдено,МГКЛ - обыкн.
MISB,ТНСэнМарЭл,Коммунальные услуги,Электроэнергетика,Описание не найдено,ТНС энерго Марий Эл ПАО - обыкн.
MISBP,ТНСэМаЭл-п,Коммунальные услуги,Электроэнергетика,Описание не найдено,ТНС энерго Марий Эл ПАО - прив.
MOEX,МосБиржа,Финансы,"Инвестиционные банки, брокеры","ПАО «Московская Биржа ММВБ-РТС» — биржевой холдинг, управляющий Московской фондовой биржей. Компания занимается торговлей, клиринговыми и расчетными услугами на денежном, валютном и товарном рынках, а также операциями на рынках государственных ценных бумаг, производных финансовых инструментов, акций, корпоративных и региональных облигаций. Помимо этого, компания предоставляет услуги по организации электронной торговли, клирингу и расчетам по сделкам, а также кастодиальные и информационные услуги. Кроме того, она ведет торговлю акциями, облигациями, деривативами, валютой, инструментами денежного и товарного рынков. Московская Биржа осуществляет свою деятельность посредством следующих сегментов: Торговые услуги, Клиринговые услуги, Расчетно-депозитарные услуги. Сегмент торговых услуг предоставляет услуги, связанные с торговлей на валютном рынке, рынке ценных бумаг, рынке деривативов и денежном рынке, листинг и прочее. Сегмент клиринговых услуг включает в себя в основном клиринговые услуги в роли центрального контрагента и другие клиринговые услуги. В сегмент расчетно-депозитарных услуг входит оказание участникам биржевого и внебиржевого рынков услуг по регистрации внебиржевых сделок (репозитарные услуги), управлению обеспечением, а также информационные услуги. Компания была основана 13 марта 1992 года. Штаб-квартира расположена в Москве, Россия.",ПАО Московская Биржа
MRKC,РоссЦентр,Коммунальные услуги,Электроэнергетика,Описание не найдено,"ПАО ""Россети Центр"" - обыкн."
MRKK,Россети СК,Коммунальные услуги,Электроэнергетика,Описание не найдено,Россети Сев. Кавказ - обыкн.
MRKP,РСетиЦП ао,Коммунальные услуги,Электроэнергетика,Описание не найдено,Россети Центр и Приволжье - обыкн.
MRKS,РсетСиб ао,Коммунальные услуги,Электроэнергетика,Описание не найдено,Россети Сибирь - обыкн.
MRKU,Россети Ур,Коммунальные услуги,Электроэнергетика,Описание не найдено,Россети Урал (ПАО) - обыкн.
MRKV,РсетВол ао,Коммунальные услуги,Электроэнергетика,Описание не найдено,Россети Волга - обыкн.
MRKY,РоссЮг ао,Коммунальные услуги,Электроэнергетика,Описание не найдено,Россети Юг (ПАО) - обыкн.
MRKZ,РСетиСЗ ао,Коммунальные услуги,Электроэнергетика,Описание не найдено,ПАО Россети Северо-Запад - обыкн.
MRSB,МордЭнСб,Коммунальные услуги,Электроэнергетика,Описание не найдено,Мордовск.энергсбыт.комп.ПАО - обыкн.
MSNG,+МосЭнерго,Коммунальные услуги,Электроэнергетика,Описание не найдено,МосЭнерго акции обыкн.
MSRS,РСетиМР ао,Коммунальные услуги,Электроэнергетика,Описание не найдено,ПАО Россети Моск.рег. - обыкн.
MSTT,Мостотрест,Производственно-технические услуги,Инженерные и строительные услуги,Описание не найдено,"ПАО ""МОСТОТРЕСТ"" - обыкн."
MTLRP,Мечел ап,Несырьевые полезные ископаемые,Сталь,Описание не найдено,Мечел ПАО - прив.
MTSS,МТС-ао,Связь,Беспроводные телекоммуникации,"ПАО «Мобильные ТелеСистемы» (МТС) — провайдер мобильной и фиксированной связи и цифровых услуг. Компания предоставляет беспроводной и широкополосный доступ в интернет, а также платное телевидение. МТС осуществляет свою деятельность посредством следующих сегментов: Россия — Конвергент, Московские фиксированные линии, Украина, МТС Банк и Прочее. Сегмент Россия — Конвергент занимается мобильными и фиксированными связями; в него также входят сервисы для клиентов российских регионов: услуги голосовой связи и передачи данных, широкополосный доступ в интернет, платное телевидение, а также различные дополнительные услуги и торговые операции. В сегмент московских фиксированных линий входит проведение операций на линиях фиксированной связи в Москве, выполняемых дочерней компанией. Украинский сегмент отвечает за поставку услуг мобильной и фиксированной связи для многочисленных регионов Украины. Сегмент МТС Банк предоставляет банковские услуги для клиентов в регионах России. Компания была основана в 1993 году. Штаб-квартира расположена в Москве, Россия.",Мобильные ТелеСистемы ПАО - обыкн.
NAUK,iНПОНаука,Электронные технологии,Авиакосмическая и оборонная промышленность,Описание не найдено,НПО Наука - обыкн.
NFAZ,НЕФАЗ,Потребительские товары длительного пользования,Автомобильная промышленность,Описание не найдено,НЕФАЗ ПАО - обыкн.
NKHP,НКХП ао,Транспорт,Прочие виды транспорта,Описание не найдено,НКХП ПАО - обыкн.
NKNC,НКНХ ао,Обрабатывающая промышленность,Химическая промышленность: специализированные химикаты,Описание не найдено,"""Нижнекамскнефтехим"" ПАО - обыкн."
NKNCP,НКНХ ап,Обрабатывающая промышленность,Химическая промышленность: специализированные химикаты,Описание не найдено,"""Нижнекамскнефтехим"" ПАО - прив."
NKSH,Нижкамшина,Промышленное производство,Производство оригинальных автомобильных запчастей,Описание не найдено,Нижнекамскшина ПАО - обыкн.
NLMK,НЛМК ао,Несырьевые полезные ископаемые,Сталь,"«ПАО Новолипецкий металлургический комбинат» — это российская вертикально-интегрированная металлургическая компания. Она производит широкий ассортимент плоского и длинномерного проката, в том числе слябовые заготовки, горячекатаный и холоднокатаный лист, оцинкованную, предварительно окрашенную и электротехническую сталь, арматуру и металлические изделия. Продукция компании используется в различных отраслях, от строительства и машиностроения до производства энергетического оборудования и морских ветряных мельниц. Мощность производства сырой стали составляет более 17 миллионов тонн в год. Все горнодобывающие активы компании расположены внутри страны, а также 94% её сталелитейных мощностей. Кроме того, прокатные активы ПАО «Новолипецкий металлургический комбинат» расположены в Российской Федерации (56%), Европе (25%) и США (19%).","ПАО ""НЛМК"" - обыкн."
NMTP,НМТП ао,Транспорт,Прочие виды транспорта,Описание не найдено,НМТП (ПАО) - обыкн.
NSVZ,iНаукаСвяз,Связь,Специализированные телекоммуникации,Описание не найдено,Наука-Связь ПАО - обыкн.
OGKB,ОГК-2 ао,Коммунальные услуги,Электроэнергетика,Описание не найдено,ОГК-2 ПАО - обыкн.
OKEY,OKEY-гдр,Розничная торговля,Продуктовая розница,Описание не найдено,ГДР OKEY Group S.A. ORD SHS
OZPH,iОзонФарм,Unknown,Unknown,Описание не найдено,Название не найдено
PMSB,ПермьЭнСб,Коммунальные услуги,Электроэнергетика,Описание не найдено,"""Пермэнергосбыт"" ПАО - обыкн."
PMSBP,ПермьЭнС-п,Коммунальные услуги,Электроэнергетика,Описание не найдено,"""Пермэнергосбыт"" ПАО - прив."
PRFN,ЧЗПСН ао,Промышленное производство,Строительные материалы,Описание не найдено,ЧЗПСН-Профнастил (ПАО) - обыкн.
RASP,Распадская,Энергетические и минеральные ресурсы,Уголь,Описание не найдено,ПАО Распадская - обыкн.
RBCM,ГК РБК ао,Технологии,Интернет-сервисы и ПО,Описание не найдено,ГК РБК ПАО - обыкн.
RDRB,РДБанк ао,Финансы,Основные банки,Описание не найдено,РоссийскийДорож Банк ПАО - обыкн.
RENI,Ренессанс,Финансы,Услуги страховых брокеров,Описание не найдено,Ренессанс Страхование - обыкн.
RGSS,РГС СК ао,Финансы,Смешанное страхование,Описание не найдено,Росгосстрах СК ПАО - обыкн.
ROLO,Русолово,Несырьевые полезные ископаемые,Прочие металлы и минералы,Описание не найдено,"""Русолово"" ПАО - обыкн."
ROST,РОСИНТЕРао,Потребительские услуги,Рестораны,Описание не найдено,РОСИНТЕР РЕСТОРАНТС (ПАО)
RTKM,Ростел -ао,Связь,Ведущие телекоммуникационные компании,"ПАО «Ростелеком» — провайдер цифровых услуг и решений как для домашнего пользования, так и для государственных и частных организаций. Компания предоставляет телекоммуникационные услуги российским государственным и корпоративным клиентам всех уровней. Помимо этого, Ростелеком предлагает высокотехнологичные решения для электронных систем оказания госуслуг, поддержания кибербезопасности, предоставляет центры обработки данных и облачные сервисы, биометрические системы, а также целый ряд услуг в сферах здравоохранения, образования и жилищно-коммунальных хозяйств. Компания была основана 23 сентября 1993 года. Штаб-квартира расположена в Москве, Россия.",Ростелеком (ПАО) ао.
RTKMP,Ростел -ап,Связь,Ведущие телекоммуникационные компании,Описание не найдено,Ростелеком (ПАО) - прив.
RTSB,ТНСэнРст,Коммунальные услуги,Электроэнергетика,Описание не найдено,ТНС энерго Ростов. ПАО - обыкн.
RTSBP,ТНСэнРст-п,Коммунальные услуги,Электроэнергетика,Описание не найдено,ТНС энерго Ростов. ПАО - прив.
RUAL,РУСАЛ ао,Несырьевые полезные ископаемые,Алюминий,"Объединенная компания RUSAL Plc — это расположенная на Кипре компания, занимающаяся преимущественно алюминиевым бизнесом. Компания работает через четыре сегмента. Алюминиевый сегмент занимается производством и продажей первичного алюминия и сопутствующих товаров. Сегмент оксида алюминия занимается добычей бокситов, переработкой бокситов в оксид алюминия и его продажей. Энергетический сегмент специализируется на добыче и реализации угля, а также производством и передачей электроэнергии. Горно-металлургический сегмент занимается инвестициями в ПАО «ГМК «Норильский никель». Компания также производит полуфабрикаты из первичного алюминия для таких отраслей как транспортная, упаковочная и потребительских товаров.",РУСАЛ ОК МКПАО - обыкн.
RUSI,ИКРУСС-ИНВ,Разное,Инвестиционные компании и паевые фонды,Описание не найдено,РУСС-ИНВЕСТ ИК ПАО - обыкн.
RZSB,РязЭнСб,Коммунальные услуги,Электроэнергетика,Описание не найдено,"""Рязанская энергосб.комп"" ПАО"
SAGO,СамарЭн-ао,Коммунальные услуги,Электроэнергетика,Описание не найдено,Самараэнерго (ПАО) - - обыкн.
SAGOP,СамарЭн-ап,Коммунальные услуги,Электроэнергетика,Описание не найдено,Самараэнерго (ПАО) - - прив.
SARE,СаратЭн-ао,Коммунальные услуги,Электроэнергетика,Описание не найдено,Саратовэнерго(ПАО) - обыкн.
SAREP,СаратЭн-ап,Коммунальные услуги,Электроэнергетика,Описание не найдено,Саратовэнерго(ПАО) - прив.
SBER,Сбербанк,Финансы,Региональные банки,"ПАО «СберБанк России» занимается оказанием банковских и финансовых услуг. Компания ведет корпоративную и розничную банковскую деятельность, предлагая такие услуги, как: корпоративные займы, управление активами, зарплатные проекты, лизинг, онлайн-банкинг и, среди прочего, расчетно-кассовое обслуживание. Кроме того, СберБанк оказывает широкий спектр услуг для финансовых учреждений, в том числе корреспондентские счета, депозитарные услуги, межбанковское кредитование и др. Компания осуществляет свою деятельность посредством следующих географических сегментов: Москва, Центральный и Северо-Западный регионы России, Приволжский и Юго-Западный регионы, Уральский, Сибирский и Дальневосточный регионы и Зарубежье. Компания была основана в 1841 году. Штаб-квартира расположена в Москве, Россия.",Сбербанк России ПАО - обыкн.
SBERP,Сбербанк-п,Финансы,Региональные банки,Описание не найдено,Сбербанк России ПАО - прив.
SELG,Селигдар,Несырьевые полезные ископаемые,Драгоценные металлы,Описание не найдено,"ПАО ""Селигдар"" - обыкн."
SGZH,Сегежа,Обрабатывающая промышленность,Контейнеры и тара,Описание не найдено,Сегежа - обыкн.
SLEN,Сахэнер ао,Коммунальные услуги,Электроэнергетика,Описание не найдено,"ПАО ""Сахалинэнерго"" - обыкн."
SNGS,Сургнфгз,Энергетические и минеральные ресурсы,Интегрированная нефтяная промышленность,"ОАО Сургутнефтегаз — это нефтяная компания, которая занимается разведкой, добычей, обработкой и продажей нефти и газа, а также продажей продуктов из нефти и газа. Помимо этого, бизнес и финансовая активность компании состоит в банковской и страховой деятельности, предоставлении других товаров, работ и услуг. Подразделения компании включают сегмент разведки и добычи, который занимается разведкой, оценкой и добычей нефти и газа, а также продажей нефти; сегмент переработки и продажи, который занимается переработкой нефти и газа и продажей переработанных продуктов и управляет дочерними организациями компании, которые занимаются переработкой и продажей переработанных продуктов; и другая активность, которая включает в себя незначительные сегменты с несравнимо меньшим экономическим значением и представляет собой дочерние предприятия компании, занятые в банковском секторе, страховании, производстве других товаров, работе и услугах.",Сургутнефтегаз ПАО акции об.
SNGSP,Сургнфгз-п,Энергетические и минеральные ресурсы,Интегрированная нефтяная промышленность,"Сургутнефтегаз ПАО, раньше ОАО Сургутнефтегаз (Surgutneftegaz OJSC) — это нефтяная компания, которая занимается разведкой, добычей, обработкой и продажей нефти и газа, а также продажей продуктов из нефти и газа. Помимо этого, бизнес и финансовая активность компании состоит в банковской и страховой деятельности, предоставлении других товаров, работ и услуг. Подразделения компании включают сегмент разведки и добычи, который занимается разведкой, оценкой и добычей нефти и газа, а также продажей нефти; сегмент переработки и продажи, который занимается переработкой нефти и газа и продажей переработанных продуктов и управляет дочерними организациями компании, которые занимаются переработкой и продажей переработанных продуктов; и другая активность, которая включает в себя сегменты с несравнимо меньшим экономическим значением и представляет собой дочерние предприятия компании, занятые в банковском секторе, страховании, производстве других товаров, работе и услугах.",Сургутнефтегаз ПАО - прив.
SOFL,iСофтлайн,Unknown,Unknown,Описание не найдено,Софтлайн - обыкн.
STSB,СтаврЭнСб,Коммунальные услуги,Электроэнергетика,Описание не найдено,Ставрополэнергосбыт ПАО - обыкн.
STSBP,СтаврЭнСбп,Коммунальные услуги,Электроэнергетика,Описание не найдено,Ставрополэнергосбыт ПАО - прив.
SVCB,Совкомбанк,Unknown,Unknown,Описание не найдено,Совкомбанк - обыкн.
TASB,ТамбЭнСб,Коммунальные услуги,Электроэнергетика,Описание не найдено,"""Тамбов.энергсбыт.комп.""ПАО - обыкн."
TASBP,ТамбЭнСб-п,Коммунальные услуги,Электроэнергетика,Описание не найдено,"ап""Тамбов.энергсбыт.комп.""ПАО"
TGKA,ТГК-1,Коммунальные услуги,Электроэнергетика,Описание не найдено,"ПАО ""ТГК-1"" - обыкн."
TGKB,ТГК-2,Коммунальные услуги,Электроэнергетика,Описание не найдено,"ПАО ""ТГК-2"" - обыкн."
TGKBP,ТГК-2 ап,Коммунальные услуги,Электроэнергетика,Описание не найдено,"ап ПАО ""ТГК-2"""
TGKN,ТГК-14,Коммунальные услуги,Электроэнергетика,Описание не найдено,"ПАО ""ТГК-14"" - обыкн."
TORS,РСТомск ао,Коммунальные услуги,Электроэнергетика,Описание не найдено,"ПАО ""Россети Томск"" - обыкн."
TORSP,РСТомск ап,Коммунальные услуги,Электроэнергетика,Описание не найдено,"ап ПАО ""Россети Томск"""
TRMK,ТМК ао,Несырьевые полезные ископаемые,Сталь,Описание не найдено,ПАО ТМК
TTLK,Таттел. ао,Связь,Ведущие телекоммуникационные компании,Описание не найдено,"""Таттелеком"" ПАО - обыкн."
TUZA,ТЗА ао,Транспорт,Грузоперевозки,Описание не найдено,Туймаз. завод автобетоновозов
UGLD,ЮГК,Unknown,Unknown,Описание не найдено,ЮГК
UNAC,iАвиастКао,Электронные технологии,Авиакосмическая и оборонная промышленность,Описание не найдено,Об.авиастр.корп. ПАО - обыкн.
UPRO,Юнипро ао,Коммунальные услуги,Электроэнергетика,Описание не найдено,Юнипро ПАО - обыкн.
USBN,УралСиб ао,Финансы,Региональные банки,Описание не найдено,БАНК УРАЛСИБ ПАО - обыкн.
UTAR,ЮТэйр ао,Транспорт,Авиакомпании,"ПАО «ЮТэйр» осуществляет пассажирские и грузовые авиаперевозки, а также предоставляет вертолетные услуги. В другие сферы деятельности компании входят строительство наземных сооружений, обучение авиационного персонала, а также ремонт и техническое обслуживание самолетов. Компания была основана 7 февраля 1967 года. Штаб-квартира расположена в Ханты-Мансийске, Россия.","Авиакомпания ""ЮТэйр"" (ПАО) - обыкн."
VEON-RX,VEON,Связь,Беспроводные телекоммуникации,Описание не найдено,VEON Ltd. ORD SHS
VGSB,ВолгЭнСб,Коммунальные услуги,Электроэнергетика,Описание не найдено,"""Волгоград.энергосбыткомп"" ПАО"
VGSBP,ВолгЭнСб-п,Коммунальные услуги,Электроэнергетика,Описание не найдено,"""Волгоград.энергосбыткомп"" ПАО"
VLHZ,ВХЗ-ао,Обрабатывающая промышленность,Химическая промышленность: специализированные химикаты,Описание не найдено,Владимирский химич.з-д(ПАО) - обыкн.
VRSB,ТНСэнВорон,Коммунальные услуги,Электроэнергетика,Описание не найдено,ТНС энерго Воронеж ПАО - обыкн.
VRSBP,ТНСэнВор-п,Коммунальные услуги,Электроэнергетика,Описание не найдено,ТНС энерго Воронеж ПАО - прив.
WTCM,ЦМТ ао,Финансы,Девелопмент недвижимости,Описание не найдено,"""Центр междун. торговли""ПАО - обыкн."
WTCMP,ЦМТ ап,Финансы,Девелопмент недвижимости,Описание не найдено,"""Центр междун. торговли""ПАО - прив."
YAKG,ЯТЭК ао,Коммунальные услуги,Газоснабжение,Описание не найдено,Якутская топл.-энерг. комп. - обыкн.
YKEN,Якутскэнрг,Коммунальные услуги,Электроэнергетика,Описание не найдено,"АК ""Якутскэнерго"" (ПАО) - обыкн."
YKENP,Якутскэн-п,Коммунальные услуги,Электроэнергетика,Описание не найдено,"АК ""Якутскэнерго"" (ПАО) - прив."
YRSB,ТНСэнЯр,Коммунальные услуги,Электроэнергетика,Описание не найдено,ТНС энерго Ярославль ПАО - обыкн.
YRSBP,ТНСэнЯр-п,Коммунальные услуги,Электроэнергетика,Описание не найдено,ТНС энерго Ярославль ПАО - прив.
ZAYM,Займер ао,Unknown,Unknown,Описание не найдено,Займер - обыкн.
ZVEZ,ЗВЕЗДА ао,Промышленное производство,Промышленное оборудование,Описание не найдено,ЗВЕЗДА ПАО - обыкн.
ASTR,Астра ао,Unknown,Unknown,Описание не найдено,Группа Астра - обыкн.
BANE,Башнефт ао,Энергетические и минеральные ресурсы,Интегрированная нефтяная промышленность,"ПАО АНК Башнефть, ранее известное как ОАО АНК Башнефть, — это расположенная в России компания, которая работает в индустрии нефти и газа. Основная деятельность компании включает в себя добычу, разведку и производство нефти и нефтепродуктов. У компании есть несколько подразделений и дочерних компаний, включая сеть заправочных станций. В дополнение к этому, компания разрабатывает несколько нефтяных месторождений, таких как Янгарейское и Сабриягинское в Ненецком АО. ОАО АНК Башнефть продает свою продукцию на внутреннем и внешнем рынках. В июле 2013 года, Компания завершила слияние своих нефтехимических активов с Объединенной нефтехимической компанией (United Petrochemical Company, UPC). В декабре 2013 была приобретена ООО Башнефть Нефтегазразведка. В феврале 2014 компания получила 100% капитала Bashneft Trading AG. В марте 2014 было приобретено ООО Башнефтегаз. В августе 2014 компания приобрела сеть заправочных станций ОПТАН.",Башнефть АНК - обыкн.
BELU,НоваБев ао,Потребительские товары недлительного пользования,Напитки: алкогольные,Описание не найдено,НоваБев Групп ПАО - обыкн.
CHMF,СевСт-ао,Несырьевые полезные ископаемые,Сталь,"ПАО Северсталь, которая раньше называлось ОАО Северсталь, — это расположенная в России компания, работающая в сталелитейной индустрии. У компании есть три подразделения: ресурсы, российская сталь и международные ресурсы. Подразделение ресурсов фокусируется на производстве железной руды и коксующегося угля; подразделение российской стали специализируется на листовом, длинном и трубопрокате для разных целей; международное подразделение — это стальной актив компании в США. Компания активна как в РФ, так и за рубежом и ведет свою деятельность через большое количество филиалов, дочерних и зависимых компаний.",Северсталь (ПАО)ао
CNRU,ЦИАН,Unknown,Unknown,Описание не найдено,Название не найдено
DATA,iАренадата,Unknown,Unknown,Описание не найдено,Название не найдено
DIAS,iДиасофт,Unknown,Unknown,Описание не найдено,Диасофт - обыкн.
IVAT,iИВА,Unknown,Unknown,Описание не найдено,ПАО ИВА - обыкн.
LEAS,Европлан,Unknown,Unknown,Описание не найдено,ПАО «ЛК «Европлан»
LKOH,ЛУКОЙЛ,Энергетические и минеральные ресурсы,Переработка и продажа нефти,"ПАО «ЛУКОЙЛ» занимается исследованием, добычей, переработкой и сбытом нефти. Компания осуществляет свою деятельность посредством следующих сегментов: Исследование и добыча, Переработка, сбыт и маркетинг, Корпоративный и прочее. Сегмент исследования и добычи занимается исследованием, добычей и переработкой нефти и газа. Сегмент переработки, сбыта и маркетинга включает в себя процесс переработки нефти в нефтепродукты, а также их закупку, продажу и транспортировку. Помимо этого, данное подразделение занимается продажей химических продуктов, выработкой электроэнергии и пара, их сбытом и оказанием сопутствующих услуг. В сегмент корпоративный и прочее входит деятельность компании и предприятий, выходящая за рамки традиционных операций группы. Компания была основана 25 ноября 1991 года. Штаб-квартира расположена в Москве, Россия.",ЛУКОЙЛ
LMBZ,Ламбумиз,Unknown,Unknown,Описание не найдено,Название не найдено
MBNK,МТС Банк,Финансы,Региональные банки,Описание не найдено,МТС-Банк - обыкн.
MGNT,Магнит ао,Розничная торговля,Продуктовая розница,"ПАО «Магнит» — холдинговая компания, занимающаяся розничной торговлей и реализацией потребительских товаров. Компания осуществляет продажи через магазины шаговой доступности, гипермаркеты, магазины косметики и т. д. Компания была основана в 1994 году Сергеем Николаевичем Галицким. Штаб-квартира находится в Краснодаре, Россия.","""Магнит"" ПАО - обыкн."
MTLR,Мечел ао,Несырьевые полезные ископаемые,Сталь,Описание не найдено,Мечел ПАО - обыкн.
MVID,М.видео,Дистрибуция,Оптовая торговля,"ПАО «М.Видео» управляет сетью розничных магазинов электронной техники. Компания занимается продажей телевизоров, аудио- и видеотехники, бытовых электроприборов, цифрового оборудования, медиа-устройств и развлекательных товаров. Компания была основана в 1993 году Александром Анатольевичем Тынкованом и Павлом Юрьевичем Бреевым. Штаб-квартира расположена в Москве, Россия.","""М.видео"" ПАО - обыкн."
NVTK,Новатэк ао,Энергетические и минеральные ресурсы,Интегрированная нефтяная промышленность,"ПАО «НОВАТЭК» занимается исследованием, добычей, переработкой и сбытом природного газа и жидких углеводородов. Компания осуществляет свою деятельность через следующие географические сегменты: Россия, Европа, Азиатско-Тихоокеанский регион, Северная Америка, Ближний Восток и Прочие. Российский сегмент занимается изучением, добычей и переработкой углеводородов, а также реализацией природного газа, стабильного газового конденсата и прочих продуктов переработки газа и газового конденсата, сжиженного нефтяного газа и сырой нефти. Европейский сегмент осуществляет продажу природного газа, нафты, стабильного газового конденсата, продуктов переработки газового конденсата, сжиженного нефтяного газа и сырой нефти, а также геологоразведочными работами в рамках совместных операций. Азиатско-Тихоокеанский сегмент занимается реализацией нафты и продуктов переработки стабильного газового конденсата и сырой нефти. Североамериканский сегмент включает в себя операции по продаже нафты, продуктов переработки стабильного газового конденсата и сырой нефти. Сегмент Ближнего Востока занимается сбытом природного газа, нафты, сырой нефти, а также проведением геологоразведочных работ в рамках совместных операций. Компания была основана Леонидом Викторовичем Михельсоном 16 августа 1994 года. Штаб-квартира расположена в Москве, Россия.","ПАО ""НОВАТЭК"" - обыкн."
OZON,OZON-адр,Розничная торговля,Розничные интернет-магазины,Описание не найдено,АДР Ozon Holdings PLC ORD SHS
PHOR,ФосАгро ао,Обрабатывающая промышленность,Химическая промышленность: сельскохозяйственные химикаты,Описание не найдено,ФосАгро ПАО - обыкн.
PIKK,ПИК ао,Потребительские товары длительного пользования,Строительство жилья,"Группа Компаний ПИК ПАО (ОАО «Группа ПИК») — российская компания, основная специализация которой сосредоточена вокруг строительства жилья. Её деятельность включает в себя строительство и развитие проектов жилой недвижимости и продажу готовых объектов, включая обслуживание и ремонт жилой недвижимости, застроенной самой компанией и другими застройщиками; производство и сборка бетонных панельных корпусов в Москве и Московской области, а также производство и продажа строительных материалов. Она работает через многочисленные дочерние компании и несколько компаний-партнёров, расположенных в том числе в Москве и Московской области, Ростове, Кирове, Калуге, Туле, Нижнем Новгороде, Калининграде, а также на Кипре.",ПИК СЗ (ПАО) - обыкн.
PLZL,Полюс,Несырьевые полезные ископаемые,Драгоценные металлы,Описание не найдено,Полюс ПАО - обыкн.
POSI,iПозитив,Финансы,Финансовые конгломераты,Описание не найдено,Группа Позитив - обыкн.
PRMD,ПРОМОМЕД,Unknown,Unknown,Описание не найдено,ПРОМОМЕД
RAGR,Русагро,Unknown,Unknown,Описание не найдено,Название не найдено
RNFT,РуссНфт ао,Энергетические и минеральные ресурсы,Интегрированная нефтяная промышленность,Описание не найдено,РуссНефть НК ПАО - обыкн.
ROSN,Роснефть,Энергетические и минеральные ресурсы,Интегрированная нефтяная промышленность,"ПАО НК «Роснефть» занимается исследованием, освоением, добычей и продажей нефти и газа. Помимо этого, компания осуществляет мероприятия по переработке, транспортировке и продаже нефтепродуктов. Роснефть реализует свою деятельность через следующие бизнес-сегменты: Исследование и добыча, Переработка и сбыт, а также Корпоративный и прочее. Сегмент исследования и добычи занимается поиском и разведкой месторождений нефти и газа и их добычей. Сбыто-перерабатывающий сегмент осуществляет переработку нефти и других углеводородов в нефтепродукты, а также проводит операции по их покупке, продаже и транспортировке. Компания была основана в 1993 году. Штаб-квартира расположена в Москве, Россия.",ПАО НК Роснефть
SFIN,ЭсЭфАй ао,Финансы,"Финансирование, лизинг, аренда",Описание не найдено,ЭсЭфАй ПАО - обыкн.
SIBN,Газпрнефть,Энергетические и минеральные ресурсы,Переработка и продажа нефти,"Газпром нефть ПАО — вертикально интегрированная нефтяная компания, работающая в Российской Федерации, Содружестве Независимых Государств (СНГ) и на международном уровне. Основные виды деятельности компании включают разведку, добычу и разработку нефти и газа, производство очищенных нефтепродуктов, а также дистрибуцию и сбыт через свои торговые точки. Компания управляет своей деятельностью в двух сегментах: ""добывающий"" и ""перерабатывающий"". Добывающий сегмент (разведка и добыча) включает разведку, разработку и добычу сырой нефти и природного газа (включая результаты совместных предприятий), а также услуги в области добычи нефти. Сегмент «перерабатывающий» (переработка и сбыт) включает переработку нефти в продукты нефтепереработки и закупает, продает и транспортирует сырые и нефтепродукты. Компания поставляет товары и услуги для водителей автомобилей и целого ряда предприятий. Более того, она предлагает моторные масла «Газпром нефть» и премиальные масла G-Energy для использования в легковых автомобилях.",Газпром нефть ПАО - обыкн.
SMLT,Самолет ао,Финансы,Девелопмент недвижимости,Описание не найдено,ГК Самолет - обыкн.
SPBE,СПБ Биржа,Финансы,"Инвестиционные банки, брокеры",Описание не найдено,СПБ Биржа - обыкн.
T,Т-Техно ао,Финансы,Региональные банки,"AT&T Inc — это холдинговая компания, предоставляющая услуги связи и цифровых развлечений на территории США и во всем мире. Компания работает в четырех направлениях: бизнес решения, развлечения, мобильные технологии и международный сегмент. Компания предлагает свои услуги и продукты потребителям в Соединенных Штатах, Мексике и Латинской Америке, а также компаниям и другим поставщикам телекоммуникационных услуг по всему миру. Она также владеет и управляет тремя региональными спортивными телевизионными сетями и сохраняет неконтролирующие доли в другой региональной спортивной сети, а также сети, посвященной программам, связанным с играми и интерактивным играми в Интернете. Их услуги и продукты включают в себя беспроводную связь, сервис передачи данных/широкополосного доступа и Интернет услуги, а также услуги цифрового видео, местной и междугородной телефонной связи, телекоммуникационное оборудование, управляемые сети и оптовые услуги. Дочерние компании включают AT&T Mobility и SKY Brasil Servicos Ltda.",Т-Технологии МКПАО - обыкн.
TATN,Татнфт 3ао,Энергетические и минеральные ресурсы,Переработка и продажа нефти,"ПАО «Татнефть» является недропользователем, оператором и поставщиком нефтегазовых ресурсов, а также производителем нефтехимической продукции. Компания работает в трех сегментах: разведка и добыча; нефтепереработка и сбыт, а также нефтехимическая продукция. Сегмент разведки и добычи состоит из разведки, разработки, добычи и продажи собственной нефти. Сегмент переработки и сбыта состоит из закупок и продаж сырой нефти и продуктов нефтепереработки у третьих сторон, собственных операций по переработке и розничных операций. Сегмент нефтехимической продукции отвечает за производство и реализацию шин, а также нефтехимического сырья и продуктов его переработки, которые используются для производства шин. Компания и ее дочерние предприятия занимаются разведкой, разработкой и добычей сырой нефти преимущественно в Республике Татарстан. Компания также занимается переработкой и сбытом сырой нефти и продуктов её переработки, как и производством и реализацией продуктов нефтехимии.","ПАО ""Татнефть"" - обыкн."
TATNP,Татнфт 3ап,Энергетические и минеральные ресурсы,Переработка и продажа нефти,Описание не найдено,"ПАО ""Татнефть"" - прив."
TRNFP,Транснф ап,Производственно-технические услуги,Нефте- и газопроводы,"ПАО «Транснефть», также известная как ОАО «АК Транснефть» (ОАО «Акционерная компания по транспорту нефти Транснефть» или ОАО «Транснефть»), — это российская компания, занимающаяся нефтегазотранспортной промышленностью. Она эксплуатирует около 70 000 километров трубопроводов и более 500 насосных станций. В компании действуют такие системы транспортировки нефти, как, например, Балтийская трубопроводная система, Балтийская трубопроводная система-2, нефтепровод «Восточная Сибирь-Тихий океан» и трубопроводная система Пурпе-Самотлор. ОАО «Транснефть» предлагает свои услуги как на внутреннем, так и на внешнем рынках, включая Польшу, Венгрию, Словакию, Латвию, Китай, Узбекистан, Беларусь и другие. Компания также имеет многочисленные дочерние компании, расположенные внутри страны.",Транснефть ПАО акц.пр.
VKCO,"МКПАО ""ВК""",Технологии,Интернет-сервисы и ПО,Описание не найдено,Международная компания ПАО ВК
VSEH,ВИ.ру,Unknown,Unknown,Описание не найдено,ВИ.ру
VTBR,ВТБ ао,Финансы,Основные банки,"ПАО «Банк ВТБ» — финансовое учреждение, предоставляющее целый спектр банковских услуг и продуктов. Компания осуществляет свою деятельность посредством следующих сегментов: Корпоративно-инвестиционный банкинг, Услуги для среднего бизнеса, Розничный банкинг, Казначейские услуги и Прочие услуги. Сегмент корпоративно-инвестиционного банкинга предлагает услуги для крупных предприятий, в то время как сегмент услуг для среднего бизнеса обслуживает субъекты среднего предпринимательства. Сегмент розничного банкинга предлагает сервисы физическим лицам и представителям малого бизнеса, а также все виды страховых услуг. Компания была основана 17 октября 1990 года. Штаб-квартира расположена в Санкт-Петербурге, Россия.",ПАО Банк ВТБ - обыкн.
WUSH,iВУШХолднг,Unknown,Unknown,Описание не найдено,ВУШ Холдинг - обыкн.
X5,КЦ ИКС 5,Unknown,Unknown,Описание не найдено,Название не найдено
YDEX,ЯНДЕКС,Unknown,Unknown,"IPJSC Yandex предоставляет поисковые системы и онлайн-сервисы. Компания осуществляет деятельность через такие бизнес-сегменты, как: Поиск и портал, Яндекс.Маркет, Такси, Медиасервисы, Реклама и Прочее. Сегмент поиска и интернет-порталов включает все услуги, предлагаемые в России, Беларуси и Казахстане. Сегмент такси охватывает сферу, связанную с поездками — например, Яндекс.Такси и Uber в России и других странах. В сегмент Яндекс.Маркет входят сервисы для сравнения цен, а также интернет-площадки для продажи товаров и несколько других небольших экспериментальных бизнесов. В состав сегмента медиасервисов входят: КиноПоиск, Яндекс.Музыка, Яндекс.Афиша, Яндекс.ТВ, Яндекс.Студия и сервисы по подписке Яндекс Плюс. Рекламный сегмент занимается размещением рекламы и объявлений в интернете и связанными с этим комиссиями. Сегмент Прочее состоит из небольших и экспериментальных бизнес-подразделений. Компания была основана в 1989 году Еленой Колмановской, Ильей Сегаловичем, Михаилом Фадеевым и Аркадием Воложем.",МКПАО ЯНДЕКС
AGRO,AGRO-гдр,Обрабатывающая промышленность,Сельскохозяйственные продукты и помол зерна,"Adecoagro S.A. — это холдинговая компания, которая ведёт различную деятельность, включая выращивание посевов и другой сельскохозяйственной продукции, производство молока, производство сахара, этанола и энергии и трансформацию земель. Компания состоит из трёх основных направлений деятельности: Сельское хозяйство; Трансформация земель и Сахар, этанол, энергия. Её сельскохозяйственная деятельность состоит из сбора определенных сельскохозяйственных продуктов, в том числе сельскохозяйственных культур, грубого риса и сахарного тростника, для продажи третьим сторонам и для внутреннего использования в качестве сырья для различных производственных процессов и производство сырого молока. Производственная деятельность включает в себя, среди прочего, продажу готовой продукции, в том числе обработанного риса, сахара, этанола и энергии, а также предоставление услуг, таких как хранение зерна и кондиционирование, обработка и сушка. Деятельность компании по трансформации земель включает в себя приобретение сельскохозяйственных угодий или предприятий с неразвитыми или недостаточно используемыми сельскохозяйственными угодьями.",ГДР ROS AGRO PLC ORD SHS
AKRN,Акрон,Обрабатывающая промышленность,Химическая промышленность: сельскохозяйственные химикаты,Описание не найдено,Акрон ПАО - обыкн.
AQUA,ИНАРКТИКА,Обрабатывающая промышленность,Сельскохозяйственные продукты и помол зерна,Описание не найдено,ПАО ИНАРКТИКА
AVAN,Авангрд-ао,Финансы,Региональные банки,Описание не найдено,"АКБ ""АВАНГАРД"" ПАО - обыкн."
BANEP,Башнефт ап,Энергетические и минеральные ресурсы,Интегрированная нефтяная промышленность,Описание не найдено,Башнефть АНК - прив.
BRZL,БурЗолото,Несырьевые полезные ископаемые,Драгоценные металлы,Описание не найдено,Бурятзолото ПАО - обыкн.
CHKZ,ЧКПЗ ао,Промышленное производство,Производство оригинальных автомобильных запчастей,Описание не найдено,"""ЧКПЗ"" ПАО - обыкн."
CHMK,ЧМК ао,Несырьевые полезные ископаемые,Сталь,Описание не найдено,"""ЧМК"" ПАО - обыкн."
CIAN,CIAN-адр,Технологии,Интернет-сервисы и ПО,Описание не найдено,АДР Cian PLC ORD SHS
DELI,iКаршеринг,Unknown,Unknown,Описание не найдено,Каршеринг Руссия - обыкн.
DZRD,ДонскЗР,Потребительские товары длительного пользования,Товары для дома,Описание не найдено,Донской завод радиодеталей - обыкн.
DZRDP,ДонскЗР п,Потребительские товары длительного пользования,Товары для дома,Описание не найдено,Донской завод радиодеталей - прив.
ENPG,ЭН+ГРУП ао,Несырьевые полезные ископаемые,Алюминий,Описание не найдено,МКПАО ЭН+ ГРУП - обыкн.
ETLN,ETLN-гдр,Потребительские товары длительного пользования,Строительство жилья,Описание не найдено,ГДР ETALON GROUP PLC ORD SHS
EUTR,ЕвроТранс,Unknown,Unknown,Описание не найдено,ЕвроТранс - обыкн.
FIXP,FIXP-гдр,Розничная торговля,Универмаги,Описание не найдено,ГДР FixPrice Group PLC ORD SHS
GCHE,ЧеркизГ-ао,Обрабатывающая промышленность,Сельскохозяйственные продукты и помол зерна,Описание не найдено,Группа Черкизово ПАО - обыкн.
GEMC,МКПАО ЮМГ,Здравоохранение,Услуги по уходу за больными,Описание не найдено,Юнайтед Медикал Груп ПАО
HEAD,Хэдхантер,Unknown,Unknown,Описание не найдено,МКПАО Хэдхантер
HNFG,ХЭНДЕРСОН,Unknown,Unknown,Описание не найдено,ХЭНДЕРСОН - обыкн.
IGST,Ижсталь2ао,Несырьевые полезные ископаемые,Сталь,Описание не найдено,Ижсталь ПАО ао 2в.
IGSTP,Ижсталь ап,Несырьевые полезные ископаемые,Сталь,Описание не найдено,Ижсталь ПАО - прив.
INGR,ИНГРАД ао,Финансы,Девелопмент недвижимости,Описание не найдено,ИНГРАД ПАО - обыкн.
KMEZ,КМЗ,Промышленное производство,Промышленное оборудование,Описание не найдено,Ковровский механический завод
KOGK,КоршГОК ао,Несырьевые полезные ископаемые,Сталь,Описание не найдено,Коршуновский ГОК ПАО - обыкн.
KRKN,СаратНПЗ,Энергетические и минеральные ресурсы,Переработка и продажа нефти,Описание не найдено,Саратовский НПЗ ПАО - обыкн.
KRKNP,СаратНПЗ-п,Энергетические и минеральные ресурсы,Переработка и продажа нефти,Описание не найдено,Саратовский НПЗ ПАО - прив.
LENT,Лента ао,Розничная торговля,Продуктовая розница,"ПАО «Лента» занимается управлением и развитием сети гипермаркетов и супермаркетов. Основной особенностью гипермаркетов «Лента» является их ценовой формат, помимо этого, сами магазины имеют сильные различия между собой с точки зрения стратегии продвижения и ценообразования, а также ассортимента местных товаров. Компания была основана 25 октября 1993 года. Штаб-квартира находится в Санкт-Петербурге, Россия.",Лента МКПАО - обыкн.
LNZL,Лензолото,Несырьевые полезные ископаемые,Драгоценные металлы,Описание не найдено,"""Лензолото"" ПАО - обыкн."
LNZLP,Лензол. ап,Несырьевые полезные ископаемые,Драгоценные металлы,Описание не найдено,"""Лензолото"" ПАО - прив."
LSRG,ЛСР ао,Финансы,Девелопмент недвижимости,Описание не найдено,Группа ЛСР ПАО - обыкн.
MDMG,MDMG-ао,Unknown,Unknown,Описание не найдено,МКПАО «МД Медикал Груп»
MGNZ,СМЗ-ао,Несырьевые полезные ископаемые,Прочие металлы и минералы,Описание не найдено,Соликамский магн.завод(ОАО)ао
MGTS,МГТС-5ао,Связь,Ведущие телекоммуникационные компании,Описание не найдено,"ПАО ""МГТС"" ао (5 в)"
MGTSP,МГТС-4ап,Связь,Ведущие телекоммуникационные компании,Описание не найдено,"ПАО ""МГТС"" - прив."
NNSB,ТНСэнНН ао,Коммунальные услуги,Электроэнергетика,Описание не найдено,ТНС энерго Нижний Новг.ПАО - обыкн.
NNSBP,ТНСэнНН ап,Коммунальные услуги,Электроэнергетика,Описание не найдено,ТНС энерго Нижний Новг.ПАО - прив.
OMZZP,ОМЗ-ап,Производственно-технические услуги,Нефтепромысловое оборудование и услуги,Описание не найдено,"ап""Объединён. маш. заводы"""
PAZA,ПавлАвт ао,Потребительские товары длительного пользования,Автомобильная промышленность,Описание не найдено,Павловский автобус ПАО - обыкн.
PRMB,Приморье,Финансы,Региональные банки,Описание не найдено,"АКБ ""Приморье"" - обыкн."
QIWI,iNanduQPLC,Технологии,Услуги обработки информации,Описание не найдено,NanduQ PLC
RKKE,ЭнергияРКК,Электронные технологии,Авиакосмическая и оборонная промышленность,Описание не найдено,РКК Энергия им.С.П.Королева - обыкн.
RTGZ,ГР Ростов,Коммунальные услуги,Газоснабжение,Описание не найдено,Газпром газорасп Р-н-Д ПАО - обыкн.
SVAV,СОЛЛЕРС,Потребительские товары длительного пользования,Автомобильная промышленность,Описание не найдено,"ПАО ""СОЛЛЕРС"""
SVET,Светофор,Коммерческие услуги,Прочие коммерческие услуги,Описание не найдено,Светофор Групп - обыкн.
SVETP,Светофор п,Unknown,Unknown,Описание не найдено,Светофор Групп - прив.
TNSE,ТНСэнрг ао,Коммунальные услуги,Электроэнергетика,Описание не найдено,"ПАО ГК ""ТНС энерго"" - обыкн."
UKUZ,ЮжКузб. ао,Энергетические и минеральные ресурсы,Уголь,Описание не найдено,Южный Кузбасс ПАО - обыкн.
UNKL,ЮУНК ао,Несырьевые полезные ископаемые,Прочие металлы и минералы,Описание не найдено,Южно-Уральский никел. комб. - обыкн.
URKZ,УрКузница,Несырьевые полезные ископаемые,Сталь,Описание не найдено,"ПАО ""Уральская кузница"" - обыкн."
UWGN,ОВК ао,Промышленное производство,"Грузовые автомобили, строительная и сельскохозяйственная техника",Описание не найдено,ПАО НПК ОВК - обыкн.
VJGZ,Варьеган,Энергетические и минеральные ресурсы,Интегрированная нефтяная промышленность,Описание не найдено,ННК-Варьеганнефтегаз ПАО - обыкн.
VJGZP,Варьеган-п,Энергетические и минеральные ресурсы,Интегрированная нефтяная промышленность,Описание не найдено,ННК-Варьеганнефтегаз ПАО - прив.
VSMO,ВСМПО-АВСМ,Несырьевые полезные ископаемые,Прочие металлы и минералы,Описание не найдено,Корп. ВСМПО-АВИСМА (ПАО) - обыкн.
VSYD,ВыбСудЗ ао,Промышленное производство,"Грузовые автомобили, строительная и сельскохозяйственная техника",Описание не найдено,Выборгский Суд.Завод ПАО - обыкн.
VSYDP,ВыбСудЗ ап,Промышленное производство,"Грузовые автомобили, строительная и сельскохозяйственная техника",Описание не найдено,Выборгский Суд.Завод ПАО - прив.
ZILL,ЗИЛ ао,Потребительские товары длительного пользования,Автомобильная промышленность,Описание не найдено,Завод им. И.А.Лихачева ПАО - обыкн.
