ticker,official_name,name,description,sector,industry,website,shortname,stock_type
ABIO,iАРТГЕН ао,"ПАО ""Артген""",Unknown,Здравоохранение,Услуги по уходу за больными,http://www.hsci.ru/,iАРТГЕН ао,Обыкновенная
ABRD,АбрауДюрсо,Абрау-Дюрсо ПАО - обыкн.,Unknown,Потребительские товары недлительного пользования,Напитки: алкогольные,http://www.abraudurso.ru/,АбрауДюрсо,Обыкновенная
AFKS,Система ао,"АФК ""Система"" ПАО - обыкн.",Unknown,Связь,Беспроводные телекоммуникации,http://www.sistema.ru/,Система ао,Обыкновенная
AFLT,Аэрофлот,Аэрофлот-росс.авиалин(ПАО)ао,"ПАО «Аэрофлот — Российские авиалинии» осуществляет полёты и коммерческую деятельность на воздушных линиях. Компания предоставляет услуги пассажирских и грузовых авиаперевозок как внутри страны, так и на международном уровне, наряду с другими авиационными сервисами. Аэрофлот осуществляет свою деятельность посредством двух бизнес-сегментов: Авиаперевозки и Прочее. Компания была основана 17 марта 1932 года. Штаб-квартира расположена в Москве, Россия.",Транспорт,Авиакомпании,http://www.aeroflot.ru/,Аэрофлот,Обыкновенная
ALRS,АЛРОСА ао,АЛРОСА ПАО - обыкн.,"ПАО АК Алроса (ПАО Акционерная компания Алроса), ранее известная как ОАО АК Алроса, — это российская компания, которая в основном занимается разведкой, добычей, производством и продажей алмазов. Она управляет пятью интегрированными горно-обогатительными комплексами: Мирный, Удачный, Айхал, Анабар и Нюрба, расположенными в Республике Саха; сортировочным подразделением и подразделением по гранению и полировке алмазов. Компания является членом множества алмазных организаций. Она осуществляет свою деятельность через несколько представительств, отделений и дочерних компаний, включая ОАО Алроса–Нюрба, ОАО Алмазы Анабара и ОАО Севералмаз.",Несырьевые полезные ископаемые,Прочие металлы и минералы,http://www.alrosa.ru/,АЛРОСА ао,Обыкновенная
AMEZ,АшинскийМЗ,Ашинский метзавод ПАО - обыкн.,Unknown,Несырьевые полезные ископаемые,Сталь,http://www.amet.ru/,АшинскийМЗ,Обыкновенная
APRI,АПРИ,АПРИ,Unknown,Финансы,Инвестиционные услуги,Unknown,АПРИ,Обыкновенная
APTK,Аптеки36и6,"ПАО ""Аптечная сеть 36,6"" - обыкн.",Unknown,Розничная торговля,Аптечные сети,http://pharmacychain366.ru/,Аптеки36и6,Обыкновенная
ARSA,Арсагера,УК Арсагера ПАО - обыкн.,Unknown,Финансы,Управление инвестициями,http://www.arsagera.ru/,Арсагера,Обыкновенная
ASSB,АстрЭнСб,"""Астраханская ЭСК"" ПАО",Unknown,Коммунальные услуги,Электроэнергетика,http://www.astsbyt.ru/,АстрЭнСб,Обыкновенная
BISVP,БашИнСв ап,Башинформсвязь(ПАО) - прив.,Unknown,Связь,Ведущие телекоммуникационные компании,http://www.rostelecom-rb.ru/,БашИнСв ап,Привилегированная
BLNG,Белон ао,Белон ОАО - обыкн.,Unknown,Энергетические и минеральные ресурсы,Уголь,http://www.belon.ru/,Белон ао,Обыкновенная
BSPB,БСП ао,"ПАО ""Банк ""Санкт-Петербург"" - обыкн.",Unknown,Финансы,Региональные банки,http://www.bspb.ru/,БСП ао,Обыкновенная
BSPBP,БСП ап,Банк Санкт-Петербург - прив.,Unknown,Финансы,Региональные банки,http://www.bspb.ru/,БСП ап,Привилегированная
CARM,СТГ,СТГ - обыкн.,Unknown,Транспорт,Транспортные услуги,Unknown,СТГ,Обыкновенная
CBOM,МКБ ао,"""МКБ"" ПАО - обыкн.",Unknown,Финансы,Региональные банки,http://www.mkb.ru/,МКБ ао,Обыкновенная
CHGZ,РН-ЗапСиб,РН-Западная Сибирь ПАО - обыкн.,Unknown,Энергетические и минеральные ресурсы,Нефтегазовое производство,Unknown,РН-ЗапСиб,Обыкновенная
CNTL,Телеграф,"""Центральный Телеграф"" ПАО - обыкн.",Unknown,Связь,Специализированные телекоммуникации,http://www.cnt.ru/,Телеграф,Обыкновенная
CNTLP,Телеграф-п,"""Центральный Телеграф"" ПАО - прив.",Unknown,Связь,Специализированные телекоммуникации,http://www.cnt.ru/,Телеграф-п,Привилегированная
DIOD,ЗаводДИОД,Завод ДИОД ПАО - обыкн.,Unknown,Медицинские технологии,Фармацевтические товары: прочие лекарственные средства,http://www.diod.ru/,ЗаводДИОД,Обыкновенная
DVEC,ДЭК ао,"""ДЭК"" ПАО - обыкн.",Unknown,Коммунальные услуги,Электроэнергетика,http://www.dvec.ru/,ДЭК ао,Обыкновенная
EELT,ЕвроЭлтех,"""ЕвропЭлектротехника"" ПАО - обыкн.",Unknown,Электронные технологии,Электронные комплектующие,http://www.euroetpao.ru/,ЕвроЭлтех,Обыкновенная
ELFV,ЭЛ5Энер ао,"""ЭЛ5-Энерго"" ПАО",Unknown,Коммунальные услуги,Электроэнергетика,http://www.enel.ru/,ЭЛ5Энер ао,Обыкновенная
ELMT,Элемент,Элемент,Unknown,Электронные технологии,Производство электроники,Unknown,Элемент,Обыкновенная
FEES,Россети,"""ФСК - Россети"" ПАО",Unknown,Коммунальные услуги,Электроэнергетика,http://www.fsk-ees.ru/,Россети,Обыкновенная
FESH,ДВМП ао,ДВ морское пароходство ПАО - обыкн.,Unknown,Транспорт,Морские перевозки,http://www.fesco.ru/,ДВМП ао,Обыкновенная
FLOT,Совкомфлот,Совкомфлот - обыкн.,Unknown,Транспорт,Морские перевозки,http://www.sovcomflot.ru/,Совкомфлот,Обыкновенная
GAZA,ГАЗ ао,ГАЗ ПАО - обыкн.,Unknown,Промышленное производство,"Грузовые автомобили, строительная и сельскохозяйственная техника",Unknown,ГАЗ ао,Обыкновенная
GAZAP,ГАЗ ап,ГАЗ ПАО - прив.,Unknown,Промышленное производство,"Грузовые автомобили, строительная и сельскохозяйственная техника",Unknown,ГАЗ ап,Привилегированная
GAZC,ГАЗКОН-ао,ГАЗКОН (ПАО) - обыкн.,Unknown,Финансы,Финансовые конгломераты,http://www.gazcon.ru/,ГАЗКОН-ао,Обыкновенная
GAZP,ГАЗПРОМ ао,"""Газпром"" (ПАО) - обыкн.","ПАО «Газпром» — транснациональная энергетическая компания. Газпром специализируется на геологоразведке, добыче, транспортировке, хранении, переработке и сбыте газа, газового конденсата и нефти, продаже газа в качестве автомобильного топлива, а также производстве и сбыте тепловой и электрической энергии. Компания осуществляет свою деятельность посредством следующих сегментов: Добыча газа, Транспортировка, Сбыт газа, Хранение газа, Добыча нефти и газового конденсата, Нефтепереработка, а также Производство и продажа электрической и тепловой энергии. Газодобывающий сегмент занимается изучением и добычей газа, в то время как сегмент транспортировки осуществляет его перевозки. В сегмент сбыта газа входит продажа газа как в пределах Российской Федерации, так и за её заграницами. Сегмент газохранения отвечает за хранение добытого и приобретенного газа в подземных хранилищах. Сегмент добычи сырой нефти и газового конденсата занимается изучением, добычей и продажей нефти и газового конденсата. Нефтеперерабатывающий сегмент осуществляет очистку нефти, газового конденсата и других углеводородов, а также занимается продажей продуктов нефтепереработки. Компания была основана в 1989 году. Штаб-квартира расположена в Москве, Россия.",Энергетические и минеральные ресурсы,Интегрированная нефтяная промышленность,http://www.gazprom.ru/,ГАЗПРОМ ао,Обыкновенная
GAZS,ГАЗ-сервис,ГАЗ-сервис (ПАО) - обыкн.,Unknown,Финансы,"Инвестиционные банки, брокеры",http://www.gaz-services.ru/,ГАЗ-сервис,Обыкновенная
GAZT,ГАЗ-Тек ао,ГАЗ-Тек ПАО - обыкн.,Unknown,Финансы,"Инвестиционные банки, брокеры",Unknown,ГАЗ-Тек ао,Обыкновенная
GECO,iГЕНЕТИКО,ЦГРМ ГЕНЕТИКО - обыкн.,Unknown,Медицинские технологии,Генетические исследования,Unknown,iГЕНЕТИКО,Обыкновенная
GEMA,iММЦБ ао,ПАО ММЦБ - обыкн.,Unknown,Медицинские технологии,Биотехнологии,Unknown,iММЦБ ао,Обыкновенная
GMKN,ГМКНорНик,"ГМК ""Нор.Никель"" ПАО - обыкн.","ПАО ГМК Норильский Никель занимается исследованием, добычей и переработкой руды и неметаллических минералов, а также продажей черных и цветных металлов, добытых из руды. Подразделения компании включают в себя: ГМК Груп, которое отвечает за добычу и металлургию, транспортные услуги, энергию, ремонтные и сервисные услуги на Таймырском полуострове; КГМК Груп, которое ведёт добычу и металлургические операции, энергетические операции и геологоразведку на Кольском полуострове; Norilsk Nickel Harjavalta, отвечающее за операции по нефтепереработке в Финляндии; Другие металлургические предприятия, включающие в себя металлургическую деятельность и геологоразведку в России и за рубежом, и Другие неметаллургические предприятия, включают в себя торговлю металлом и другими товарами, управление цепью снабжения, транспортные услуги, энергию и энергетику, исследования и другую деятельность в России и за рубежом. Производственные мощности компании расположены на Таймырском и Кольском полуостровах в России и в Финляндии.",Несырьевые полезные ископаемые,Прочие металлы и минералы,http://nornickel.com/,ГМКНорНик,Обыкновенная
GTRK,ГТМ ао,"ПАО ""ГТМ"" - обыкн.",Unknown,Транспорт,Грузоперевозки,http://www.gt-m.ru/,ГТМ ао,Обыкновенная
HIMCP,Химпром ап,Химпром ПАО - прив.,Unknown,Обрабатывающая промышленность,Химическая промышленность: специализированные химикаты,http://www.himprom.com/,Химпром ап,Привилегированная
HYDR,РусГидро,"ПАО ""РусГидро""","ПАО Федеральная гидрогенерирующая компания — РусГидро, ранее известная как ОАО «Федеральная гидрогенерирующая компания — РусГидро» и ОАО ГидроОГК, — это российская компания, которая занимается генерацией, передачей и поставками электроэнергии на оптовый рынок РФ. Основная деятельность компании состоит в производстве электроэнергии из возобновляемых источников, развитии электрогенерации с использованием течения воды, приливов, ветра и геотермальной энергии. Компания осуществляет свою деятельность посредством множества подразделения на всей территории Российской Федерации.",Коммунальные услуги,Электроэнергетика,http://www.eng.rushydro.ru/,РусГидро,Обыкновенная
IRAO,ИнтерРАОао,"""Интер РАО"" ПАО - обыкн.","ПАО Интер РАО ЕЭС, ранее известная как ОАО Интер РАО ЕЭС, — это расположенная в России компания, работающая в секторе энергетики. Она занимается производством, распространением и продажей термальной и электроэнергии, экспортом и импортом электроэнергии, торговлей электроэнергией на внутреннем и внешнем рынках, розничной продажей электроэнергии и управлением зарубежными активами. Компания торгует электроэнергией на внутреннем и внешнем рынках, последний включает помимо прочих Финляндию, Беларусь, Литву, Грузию, Украину и Турцию. У ПАО Интер РАО ЕЭС есть несколько представительств и местных отделений в Бельгии, Эквадоре и Кубе, через которые оно осуществляет свою деятельность.",Коммунальные услуги,Электроэнергетика,http://www.interrao.ru/,ИнтерРАОао,Обыкновенная
IRKT,Яковлев-3,"""Яковлев"" ПАО ак.об.-3",Unknown,Электронные технологии,Авиакосмическая и оборонная промышленность,http://yakovlev.ru/,Яковлев-3,Обыкновенная
JNOS,Славн-ЯНОС,Славнефть-ЯНОС (ПАО) - обыкн.,Unknown,Энергетические и минеральные ресурсы,Переработка и продажа нефти,http://www.refinery.yaroslavl.ru/,Славн-ЯНОС,Обыкновенная
JNOSP,Слав-ЯНОСп,Славнефть-ЯНОС (ПАО) - прив.,Unknown,Энергетические и минеральные ресурсы,Переработка и продажа нефти,http://www.refinery.yaroslavl.ru/,Слав-ЯНОСп,Привилегированная
KAZT,Куйбазот,Куйбышевазот ПАО - обыкн.,Unknown,Обрабатывающая промышленность,Химическая промышленность: специализированные химикаты,http://www.kuazot.ru/,Куйбазот,Обыкновенная
KAZTP,Куйбазот-п,Куйбышевазот ПАО - прив.,Unknown,Обрабатывающая промышленность,Химическая промышленность: специализированные химикаты,http://www.kuazot.ru/,Куйбазот-п,Привилегированная
KBSB,ТНСэКубань,ТНС энерго Кубань ПАО - обыкн.,Unknown,Коммунальные услуги,Электроэнергетика,http://corp.tns-e.ru/,ТНСэКубань,Обыкновенная
KCHE,КамчатЭ ао,Камчатскэнерго ПАО - обыкн.,Unknown,Коммунальные услуги,Альтернативные источники энергии,http://www.kamenergo.ru/,КамчатЭ ао,Обыкновенная
KCHEP,КамчатЭ ап,Камчатскэнерго ПАО - прив.,Unknown,Коммунальные услуги,Альтернативные источники энергии,http://www.kamenergo.ru/,КамчатЭ ап,Привилегированная
KGKC,КурганГКао,Курганская генер.комп.ПАО - обыкн.,Unknown,Коммунальные услуги,Электроэнергетика,http://www.kgk-kurgan.ru/,КурганГКао,Обыкновенная
KGKCP,КурганГКап,Курганская генер. комп. ПАО - прив.,Unknown,Коммунальные услуги,Электроэнергетика,http://www.kgk-kurgan.ru/,КурганГКап,Привилегированная
KLSB,КалужскСК,"""Калужская сбыт.комп.""ПАО - обыкн.",Unknown,Коммунальные услуги,Электроэнергетика,http://www.ksc.kaluga.ru/,КалужскСК,Обыкновенная
KLVZ,Кристалл,Алкогольная Группа Кристалл,Unknown,Потребительские товары недлительного пользования,Производство алкоголя,Unknown,Кристалл,Обыкновенная
KMAZ,КАМАЗ,КАМАЗ ПАО,Unknown,Промышленное производство,"Грузовые автомобили, строительная и сельскохозяйственная техника",http://www.kamaz.ru/,КАМАЗ,Обыкновенная
KRKOP,ТКЗКК ап,ТКЗ Красный котельщик ПАО - прив.,Unknown,Промышленное производство,Промышленное оборудование,http://www.tkz.su/,ТКЗКК ап,Привилегированная
KROT,КрасОкт-ао,"""КрасныйОктябрь"" ПАО - - обыкн.",Unknown,Потребительские товары недлительного пользования,Пищевая промышленность: деликатесы и кондитерские изделия,http://www.konfetki.ru/,КрасОкт-ао,Обыкновенная
KROTP,КрасОкт-1п,КрасныйОктябрь-1п,Unknown,Потребительские товары недлительного пользования,Пищевая промышленность: деликатесы и кондитерские изделия,http://www.konfetki.ru/,КрасОкт-1п,Привилегированная
KRSB,Красэсб ао,Красноярскэнергосбыт - обыкн.,Unknown,Коммунальные услуги,Электроэнергетика,http://www.krsk-sbit.ru/,Красэсб ао,Обыкновенная
KRSBP,Красэсб ап,Красноярскэнергосбыт - прив.,Unknown,Коммунальные услуги,Электроэнергетика,http://www.krsk-sbit.ru/,Красэсб ап,Привилегированная
KUZB,КузнецкийБ,"Банк ""Кузнецкий"" ПАО - обыкн.",Unknown,Финансы,Региональные банки,http://www.kuzbank.ru/,КузнецкийБ,Обыкновенная
KZOS,ОргСинт ао,"ПАО ""Органический синтез"" - обыкн.",Unknown,Промышленное производство,Прочие виды производства,http://www.kazanorgsintez.ru/,ОргСинт ао,Обыкновенная
KZOSP,ОргСинт ап,"ПАО ""Органический синтез"" - прив.",Unknown,Промышленное производство,Прочие виды производства,http://www.kazanorgsintez.ru/,ОргСинт ап,Привилегированная
LIFE,Фармсинтез,Фармсинтез ПАО - обыкн.,Unknown,Медицинские технологии,Фармацевтические товары,http://www.pharmsynthez.com/,Фармсинтез,Обыкновенная
LPSB,ЛЭСК ао,Липецкая энергосбыт.ком.ОАО - обыкн.,Unknown,Коммунальные услуги,Электроэнергетика,http://www.lesk.ru/,ЛЭСК ао,Обыкновенная
LSNG,РСетиЛЭ,Россети Ленэнерго ПАО - обыкн.,Unknown,Коммунальные услуги,Электроэнергетика,http://www.lenenergo.ru/,РСетиЛЭ,Обыкновенная
LSNGP,РСетиЛЭ-п,Россети Ленэнерго ПАО - прив.,Unknown,Коммунальные услуги,Электроэнергетика,http://www.lenenergo.ru/,РСетиЛЭ-п,Привилегированная
LVHK,Левенгук,Левенгук ПАО - обыкн.,Unknown,Электронные технологии,Электронные комплектующие,http://www.levenhuk.ru/,Левенгук,Обыкновенная
MAGE,МагадЭн ао,"""Магаданэнерго"" ПАО - обыкн.",Unknown,Коммунальные услуги,Электроэнергетика,Unknown,МагадЭн ао,Обыкновенная
MAGEP,МагадЭн ап,"""Магаданэнерго"" ПАО - прив.",Unknown,Коммунальные услуги,Электроэнергетика,Unknown,МагадЭн ап,Привилегированная
MAGN,ММК,"""Магнитогорск.мет.комб"" ПАО - обыкн.","ОАО Магнитогорский металлургический комбинат (ОАО ММК) — это расположенная в России компания, ведущая деятельность в сталелитейной сфере. Её основная продукция — это агломерат, кокс, железо, сырая сталь, руда и прокатные продукты. Компания предлагает большой спектр продуктов, таких как прут, арматура, арматура для железобетона, круглая и плоская арматура и другие. ОАО Магнитогорский металлургический комбинат является поставщиком для таких индустрий, как: трубопроводы, машиностроение, железные дороги, строительство и судостроение и другие. Компания работает в РФ и экспортирует свою продукцию в СНГ, Азию, Ближний Восток и страны Европы.",Несырьевые полезные ископаемые,Сталь,http://www.mmk.ru/,ММК,Обыкновенная
MFGS,Мегион-ао,"""Славнефть-Мегионнефтегаз"" - обыкн.",Unknown,Энергетические и минеральные ресурсы,Интегрированная нефтяная промышленность,http://www.sn-mng.ru/,Мегион-ао,Обыкновенная
MFGSP,Мегион-ап,ап Мегионнефтегаз,Unknown,Энергетические и минеральные ресурсы,Интегрированная нефтяная промышленность,http://www.sn-mng.ru/,Мегион-ап,Привилегированная
MGKL,МГКЛ,МГКЛ - обыкн.,Unknown,Розничная торговля,Ломбарды и ресейл,Unknown,МГКЛ,Обыкновенная
MISB,ТНСэнМарЭл,ТНС энерго Марий Эл ПАО - обыкн.,Unknown,Коммунальные услуги,Электроэнергетика,http://www.mari-el.tns-e.ru/,ТНСэнМарЭл,Обыкновенная
MISBP,ТНСэМаЭл-п,ТНС энерго Марий Эл ПАО - прив.,Unknown,Коммунальные услуги,Электроэнергетика,http://www.mari-el.tns-e.ru/,ТНСэМаЭл-п,Привилегированная
MOEX,МосБиржа,ПАО Московская Биржа,"ПАО «Московская Биржа ММВБ-РТС» — биржевой холдинг, управляющий Московской фондовой биржей. Компания занимается торговлей, клиринговыми и расчетными услугами на денежном, валютном и товарном рынках, а также операциями на рынках государственных ценных бумаг, производных финансовых инструментов, акций, корпоративных и региональных облигаций. Помимо этого, компания предоставляет услуги по организации электронной торговли, клирингу и расчетам по сделкам, а также кастодиальные и информационные услуги. Кроме того, она ведет торговлю акциями, облигациями, деривативами, валютой, инструментами денежного и товарного рынков. Московская Биржа осуществляет свою деятельность посредством следующих сегментов: Торговые услуги, Клиринговые услуги, Расчетно-депозитарные услуги. Сегмент торговых услуг предоставляет услуги, связанные с торговлей на валютном рынке, рынке ценных бумаг, рынке деривативов и денежном рынке, листинг и прочее. Сегмент клиринговых услуг включает в себя в основном клиринговые услуги в роли центрального контрагента и другие клиринговые услуги. В сегмент расчетно-депозитарных услуг входит оказание участникам биржевого и внебиржевого рынков услуг по регистрации внебиржевых сделок (репозитарные услуги), управлению обеспечением, а также информационные услуги. Компания была основана 13 марта 1992 года. Штаб-квартира расположена в Москве, Россия.",Финансы,"Инвестиционные банки, брокеры",http://www.moex.com/,МосБиржа,Обыкновенная
MRKC,РоссЦентр,"ПАО ""Россети Центр"" - обыкн.",Unknown,Коммунальные услуги,Электроэнергетика,http://www.mrsk-1.ru/,РоссЦентр,Обыкновенная
MRKK,Россети СК,Россети Сев. Кавказ - обыкн.,Unknown,Коммунальные услуги,Электроэнергетика,http://www.mrsk-sk.ru/,Россети СК,Обыкновенная
MRKP,РСетиЦП ао,Россети Центр и Приволжье - обыкн.,Unknown,Коммунальные услуги,Электроэнергетика,http://www.mrsk-cp.ru/,РСетиЦП ао,Обыкновенная
MRKS,РсетСиб ао,Россети Сибирь - обыкн.,Unknown,Коммунальные услуги,Электроэнергетика,http://www.mrsk-sib.ru/,РсетСиб ао,Обыкновенная
MRKU,Россети Ур,Россети Урал (ПАО) - обыкн.,Unknown,Коммунальные услуги,Электроэнергетика,http://www.mrsk-ural.ru/,Россети Ур,Обыкновенная
MRKV,РсетВол ао,Россети Волга - обыкн.,Unknown,Коммунальные услуги,Электроэнергетика,http://www.mrsk-volgi.ru/,РсетВол ао,Обыкновенная
MRKY,РоссЮг ао,Россети Юг (ПАО) - обыкн.,Unknown,Коммунальные услуги,Электроэнергетика,Unknown,РоссЮг ао,Обыкновенная
MRKZ,РСетиСЗ ао,ПАО Россети Северо-Запад - обыкн.,Unknown,Коммунальные услуги,Электроэнергетика,http://www.mrsksevzap.ru/,РСетиСЗ ао,Обыкновенная
MRSB,МордЭнСб,Мордовск.энергсбыт.комп.ПАО - обыкн.,Unknown,Коммунальные услуги,Электроэнергетика,http://www.mesk.ru/,МордЭнСб,Обыкновенная
MSNG,+МосЭнерго,МосЭнерго акции обыкн.,Unknown,Коммунальные услуги,Электроэнергетика,http://www.mosenergo.ru/,+МосЭнерго,Обыкновенная
MSRS,РСетиМР ао,ПАО Россети Моск.рег. - обыкн.,Unknown,Коммунальные услуги,Электроэнергетика,http://www.rossetimr.ru/,РСетиМР ао,Обыкновенная
MSTT,Мостотрест,"ПАО ""МОСТОТРЕСТ"" - обыкн.",Unknown,Производственно-технические услуги,Инженерные и строительные услуги,http://www.mostotrest.ru/,Мостотрест,Обыкновенная
MTLRP,Мечел ап,Мечел ПАО - прив.,Unknown,Несырьевые полезные ископаемые,Сталь,http://www.mechel.ru/,Мечел ап,Привилегированная
MTSS,МТС-ао,Мобильные ТелеСистемы ПАО - обыкн.,"ПАО «Мобильные ТелеСистемы» (МТС) — провайдер мобильной и фиксированной связи и цифровых услуг. Компания предоставляет беспроводной и широкополосный доступ в интернет, а также платное телевидение. МТС осуществляет свою деятельность посредством следующих сегментов: Россия — Конвергент, Московские фиксированные линии, Украина, МТС Банк и Прочее. Сегмент Россия — Конвергент занимается мобильными и фиксированными связями; в него также входят сервисы для клиентов российских регионов: услуги голосовой связи и передачи данных, широкополосный доступ в интернет, платное телевидение, а также различные дополнительные услуги и торговые операции. В сегмент московских фиксированных линий входит проведение операций на линиях фиксированной связи в Москве, выполняемых дочерней компанией. Украинский сегмент отвечает за поставку услуг мобильной и фиксированной связи для многочисленных регионов Украины. Сегмент МТС Банк предоставляет банковские услуги для клиентов в регионах России. Компания была основана в 1993 году. Штаб-квартира расположена в Москве, Россия.",Связь,Беспроводные телекоммуникации,http://www.mts.ru/,МТС-ао,Обыкновенная
NAUK,iНПОНаука,НПО Наука - обыкн.,Unknown,Электронные технологии,Авиакосмическая и оборонная промышленность,http://www.npo-nauka.ru/,iНПОНаука,Обыкновенная
NFAZ,НЕФАЗ,НЕФАЗ ПАО - обыкн.,Unknown,Потребительские товары длительного пользования,Автомобильная промышленность,http://www.nefaz.ru/,НЕФАЗ,Обыкновенная
NKHP,НКХП ао,НКХП ПАО - обыкн.,Unknown,Транспорт,Прочие виды транспорта,http://www.novoroskhp.ru/,НКХП ао,Обыкновенная
NKNC,НКНХ ао,"""Нижнекамскнефтехим"" ПАО - обыкн.",Unknown,Обрабатывающая промышленность,Химическая промышленность: специализированные химикаты,http://www.nknh.ru/,НКНХ ао,Обыкновенная
NKNCP,НКНХ ап,"""Нижнекамскнефтехим"" ПАО - прив.",Unknown,Обрабатывающая промышленность,Химическая промышленность: специализированные химикаты,http://www.nknh.ru/,НКНХ ап,Привилегированная
NKSH,Нижкамшина,Нижнекамскшина ПАО - обыкн.,Unknown,Промышленное производство,Производство оригинальных автомобильных запчастей,http://www.shinakama.tatneft.ru/,Нижкамшина,Обыкновенная
NLMK,НЛМК ао,"ПАО ""НЛМК"" - обыкн.","«ПАО Новолипецкий металлургический комбинат» — это российская вертикально-интегрированная металлургическая компания. Она производит широкий ассортимент плоского и длинномерного проката, в том числе слябовые заготовки, горячекатаный и холоднокатаный лист, оцинкованную, предварительно окрашенную и электротехническую сталь, арматуру и металлические изделия. Продукция компании используется в различных отраслях, от строительства и машиностроения до производства энергетического оборудования и морских ветряных мельниц. Мощность производства сырой стали составляет более 17 миллионов тонн в год. Все горнодобывающие активы компании расположены внутри страны, а также 94% её сталелитейных мощностей. Кроме того, прокатные активы ПАО «Новолипецкий металлургический комбинат» расположены в Российской Федерации (56%), Европе (25%) и США (19%).",Несырьевые полезные ископаемые,Сталь,http://nlmk.com/,НЛМК ао,Обыкновенная
NMTP,НМТП ао,НМТП (ПАО) - обыкн.,Unknown,Транспорт,Прочие виды транспорта,http://www.nmtp.info/,НМТП ао,Обыкновенная
NSVZ,iНаукаСвяз,Наука-Связь ПАО - обыкн.,Unknown,Связь,Специализированные телекоммуникации,http://www.naukanet.ru/,iНаукаСвяз,Обыкновенная
OGKB,ОГК-2 ао,ОГК-2 ПАО - обыкн.,Unknown,Коммунальные услуги,Электроэнергетика,http://www.ogk2.ru/,ОГК-2 ао,Обыкновенная
OKEY,OKEY-гдр,ГДР OKEY Group S.A. ORD SHS,Unknown,Розничная торговля,Продуктовая розница,http://www.okmarket.ru/,OKEY-гдр,Обыкновенная
OZPH,iОзонФарм,Unknown,Unknown,Здравоохранение,Фармацевтика,Unknown,iОзонФарм,Обыкновенная
PMSB,ПермьЭнСб,"""Пермэнергосбыт"" ПАО - обыкн.",Unknown,Коммунальные услуги,Электроэнергетика,http://www.energos.perm.ru/,ПермьЭнСб,Обыкновенная
PMSBP,ПермьЭнС-п,"""Пермэнергосбыт"" ПАО - прив.",Unknown,Коммунальные услуги,Электроэнергетика,http://www.energos.perm.ru/,ПермьЭнС-п,Привилегированная
PRFN,ЧЗПСН ао,ЧЗПСН-Профнастил (ПАО) - обыкн.,Unknown,Промышленное производство,Строительные материалы,http://www.profnasteel.ru/,ЧЗПСН ао,Обыкновенная
RASP,Распадская,ПАО Распадская - обыкн.,Unknown,Энергетические и минеральные ресурсы,Уголь,http://www.raspadskaya.com/,Распадская,Обыкновенная
RBCM,ГК РБК ао,ГК РБК ПАО - обыкн.,Unknown,Технологии,Интернет-сервисы и ПО,http://www.rbcholding.com/,ГК РБК ао,Обыкновенная
RDRB,РДБанк ао,РоссийскийДорож Банк ПАО - обыкн.,Unknown,Финансы,Основные банки,http://www.rdb.ru/,РДБанк ао,Обыкновенная
RENI,Ренессанс,Ренессанс Страхование - обыкн.,Unknown,Финансы,Услуги страховых брокеров,http://www.invest.renins.ru/,Ренессанс,Обыкновенная
RGSS,РГС СК ао,Росгосстрах СК ПАО - обыкн.,Unknown,Финансы,Смешанное страхование,http://www.rgs.ru/,РГС СК ао,Обыкновенная
ROLO,Русолово,"""Русолово"" ПАО - обыкн.",Unknown,Несырьевые полезные ископаемые,Прочие металлы и минералы,http://www.rus-olovo.ru/,Русолово,Обыкновенная
ROST,РОСИНТЕРао,РОСИНТЕР РЕСТОРАНТС (ПАО),Unknown,Услуги,Рестораны,http://www.rosinter.com/,РОСИНТЕРао,Обыкновенная
RTKM,Ростел -ао,Ростелеком (ПАО) ао.,"ПАО «Ростелеком» — провайдер цифровых услуг и решений как для домашнего пользования, так и для государственных и частных организаций. Компания предоставляет телекоммуникационные услуги российским государственным и корпоративным клиентам всех уровней. Помимо этого, Ростелеком предлагает высокотехнологичные решения для электронных систем оказания госуслуг, поддержания кибербезопасности, предоставляет центры обработки данных и облачные сервисы, биометрические системы, а также целый ряд услуг в сферах здравоохранения, образования и жилищно-коммунальных хозяйств. Компания была основана 23 сентября 1993 года. Штаб-квартира расположена в Москве, Россия.",Связь,Ведущие телекоммуникационные компании,http://www.company.rt.ru/,Ростел -ао,Обыкновенная
RTKMP,Ростел -ап,Ростелеком (ПАО) - прив.,Unknown,Связь,Ведущие телекоммуникационные компании,http://www.company.rt.ru/,Ростел -ап,Привилегированная
RTSB,ТНСэнРст,ТНС энерго Ростов. ПАО - обыкн.,Unknown,Коммунальные услуги,Электроэнергетика,http://www.rostov.tns-e.ru/,ТНСэнРст,Обыкновенная
RTSBP,ТНСэнРст-п,ТНС энерго Ростов. ПАО - прив.,Unknown,Коммунальные услуги,Электроэнергетика,http://www.rostov.tns-e.ru/,ТНСэнРст-п,Привилегированная
RUAL,РУСАЛ ао,РУСАЛ ОК МКПАО - обыкн.,"Объединенная компания RUSAL Plc — это расположенная на Кипре компания, занимающаяся преимущественно алюминиевым бизнесом. Компания работает через четыре сегмента. Алюминиевый сегмент занимается производством и продажей первичного алюминия и сопутствующих товаров. Сегмент оксида алюминия занимается добычей бокситов, переработкой бокситов в оксид алюминия и его продажей. Энергетический сегмент специализируется на добыче и реализации угля, а также производством и передачей электроэнергии. Горно-металлургический сегмент занимается инвестициями в ПАО «ГМК «Норильский никель». Компания также производит полуфабрикаты из первичного алюминия для таких отраслей как транспортная, упаковочная и потребительских товаров.",Несырьевые полезные ископаемые,Алюминий,http://www.rusal.ru/,РУСАЛ ао,Обыкновенная
RUSI,ИКРУСС-ИНВ,РУСС-ИНВЕСТ ИК ПАО - обыкн.,Unknown,Финансы,Инвестиционные компании и паевые фонды,http://www.russ-invest.ru/,ИКРУСС-ИНВ,Обыкновенная
RZSB,РязЭнСб,"""Рязанская энергосб.комп"" ПАО",Unknown,Коммунальные услуги,Электроэнергетика,http://www.resk.ru/,РязЭнСб,Обыкновенная
SAGO,СамарЭн-ао,Самараэнерго (ПАО) - - обыкн.,Unknown,Коммунальные услуги,Электроэнергетика,http://www.samaraenergo.ru/,СамарЭн-ао,Обыкновенная
SAGOP,СамарЭн-ап,Самараэнерго (ПАО) - - прив.,Unknown,Коммунальные услуги,Электроэнергетика,http://www.samaraenergo.ru/,СамарЭн-ап,Привилегированная
SARE,СаратЭн-ао,Саратовэнерго(ПАО) - обыкн.,Unknown,Коммунальные услуги,Электроэнергетика,http://www.saratovenergo.ru/,СаратЭн-ао,Обыкновенная
SAREP,СаратЭн-ап,Саратовэнерго(ПАО) - прив.,Unknown,Коммунальные услуги,Электроэнергетика,http://www.saratovenergo.ru/,СаратЭн-ап,Привилегированная
SBER,Сбербанк,Сбербанк России ПАО - обыкн.,"ПАО «СберБанк России» занимается оказанием банковских и финансовых услуг. Компания ведет корпоративную и розничную банковскую деятельность, предлагая такие услуги, как: корпоративные займы, управление активами, зарплатные проекты, лизинг, онлайн-банкинг и, среди прочего, расчетно-кассовое обслуживание. Кроме того, СберБанк оказывает широкий спектр услуг для финансовых учреждений, в том числе корреспондентские счета, депозитарные услуги, межбанковское кредитование и др. Компания осуществляет свою деятельность посредством следующих географических сегментов: Москва, Центральный и Северо-Западный регионы России, Приволжский и Юго-Западный регионы, Уральский, Сибирский и Дальневосточный регионы и Зарубежье. Компания была основана в 1841 году. Штаб-квартира расположена в Москве, Россия.",Финансы,Региональные банки,http://www.sberbank.ru/,Сбербанк,Обыкновенная
SBERP,Сбербанк-п,Сбербанк России ПАО - прив.,Unknown,Финансы,Региональные банки,http://www.sberbank.ru/,Сбербанк-п,Привилегированная
SELG,Селигдар,"ПАО ""Селигдар"" - обыкн.",Unknown,Несырьевые полезные ископаемые,Драгоценные металлы,http://www.seligdar.ru/,Селигдар,Обыкновенная
SGZH,Сегежа,Сегежа - обыкн.,Unknown,Обрабатывающая промышленность,Контейнеры и тара,http://www.segezha-group.com/,Сегежа,Обыкновенная
SLEN,Сахэнер ао,"ПАО ""Сахалинэнерго"" - обыкн.",Unknown,Коммунальные услуги,Электроэнергетика,http://www.sahen.elektra.ru/,Сахэнер ао,Обыкновенная
SNGS,Сургнфгз,Сургутнефтегаз ПАО акции об.,"ОАО Сургутнефтегаз — это нефтяная компания, которая занимается разведкой, добычей, обработкой и продажей нефти и газа, а также продажей продуктов из нефти и газа. Помимо этого, бизнес и финансовая активность компании состоит в банковской и страховой деятельности, предоставлении других товаров, работ и услуг. Подразделения компании включают сегмент разведки и добычи, который занимается разведкой, оценкой и добычей нефти и газа, а также продажей нефти; сегмент переработки и продажи, который занимается переработкой нефти и газа и продажей переработанных продуктов и управляет дочерними организациями компании, которые занимаются переработкой и продажей переработанных продуктов; и другая активность, которая включает в себя незначительные сегменты с несравнимо меньшим экономическим значением и представляет собой дочерние предприятия компании, занятые в банковском секторе, страховании, производстве других товаров, работе и услугах.",Энергетические и минеральные ресурсы,Интегрированная нефтяная промышленность,http://www.surgutneftegas.ru/,Сургнфгз,Обыкновенная
SNGSP,Сургнфгз-п,Сургутнефтегаз ПАО - прив.,"Сургутнефтегаз ПАО, раньше ОАО Сургутнефтегаз (Surgutneftegaz OJSC) — это нефтяная компания, которая занимается разведкой, добычей, обработкой и продажей нефти и газа, а также продажей продуктов из нефти и газа. Помимо этого, бизнес и финансовая активность компании состоит в банковской и страховой деятельности, предоставлении других товаров, работ и услуг. Подразделения компании включают сегмент разведки и добычи, который занимается разведкой, оценкой и добычей нефти и газа, а также продажей нефти; сегмент переработки и продажи, который занимается переработкой нефти и газа и продажей переработанных продуктов и управляет дочерними организациями компании, которые занимаются переработкой и продажей переработанных продуктов; и другая активность, которая включает в себя сегменты с несравнимо меньшим экономическим значением и представляет собой дочерние предприятия компании, занятые в банковском секторе, страховании, производстве других товаров, работе и услугах.",Энергетические и минеральные ресурсы,Интегрированная нефтяная промышленность,http://www.surgutneftegas.ru/,Сургнфгз-п,Привилегированная
SOFL,iСофтлайн,Софтлайн - обыкн.,Unknown,Технологии,Программное обеспечение,Unknown,iСофтлайн,Обыкновенная
STSB,СтаврЭнСб,Ставрополэнергосбыт ПАО - обыкн.,Unknown,Коммунальные услуги,Электроэнергетика,http://www.staves.ru/,СтаврЭнСб,Обыкновенная
STSBP,СтаврЭнСбп,Ставрополэнергосбыт ПАО - прив.,Unknown,Коммунальные услуги,Электроэнергетика,http://www.staves.ru/,СтаврЭнСбп,Привилегированная
SVCB,Совкомбанк,Совкомбанк - обыкн.,Unknown,Финансы,Банковские услуги,Unknown,Совкомбанк,Обыкновенная
TASB,ТамбЭнСб,"""Тамбов.энергсбыт.комп.""ПАО - обыкн.",Unknown,Коммунальные услуги,Электроэнергетика,http://www.tesk.tmb.ru/,ТамбЭнСб,Обыкновенная
TASBP,ТамбЭнСб-п,"ап""Тамбов.энергсбыт.комп.""ПАО",Unknown,Коммунальные услуги,Электроэнергетика,http://www.tesk.tmb.ru/,ТамбЭнСб-п,Привилегированная
TGKA,ТГК-1,"ПАО ""ТГК-1"" - обыкн.",Unknown,Коммунальные услуги,Электроэнергетика,http://www.tgc1.ru/,ТГК-1,Обыкновенная
TGKB,ТГК-2,"ПАО ""ТГК-2"" - обыкн.",Unknown,Коммунальные услуги,Электроэнергетика,http://www.tgc-2.ru/,ТГК-2,Обыкновенная
TGKBP,ТГК-2 ап,"ап ПАО ""ТГК-2""",Unknown,Коммунальные услуги,Электроэнергетика,http://www.tgc-2.ru/,ТГК-2 ап,Привилегированная
TGKN,ТГК-14,"ПАО ""ТГК-14"" - обыкн.",Unknown,Коммунальные услуги,Электроэнергетика,http://www.tgk-14.com/,ТГК-14,Обыкновенная
TORS,РСТомск ао,"ПАО ""Россети Томск"" - обыкн.",Unknown,Коммунальные услуги,Электроэнергетика,http://www.trk.tom.ru/,РСТомск ао,Обыкновенная
TORSP,РСТомск ап,"ап ПАО ""Россети Томск""",Unknown,Коммунальные услуги,Электроэнергетика,http://www.trk.tom.ru/,РСТомск ап,Привилегированная
TRMK,ТМК ао,ПАО ТМК,Unknown,Несырьевые полезные ископаемые,Сталь,http://www.tmk-group.ru/,ТМК ао,Обыкновенная
TTLK,Таттел. ао,"""Таттелеком"" ПАО - обыкн.",Unknown,Связь,Ведущие телекоммуникационные компании,http://www.tattelecom.ru/,Таттел. ао,Обыкновенная
TUZA,ТЗА ао,Туймаз. завод автобетоновозов,Unknown,Транспорт,Грузоперевозки,http://www.tzacom.ru/,ТЗА ао,Обыкновенная
UGLD,ЮГК,ЮГК,Unknown,Несырьевые полезные ископаемые,Добыча золота,Unknown,ЮГК,Обыкновенная
UNAC,iАвиастКао,Об.авиастр.корп. ПАО - обыкн.,Unknown,Электронные технологии,Авиакосмическая и оборонная промышленность,http://www.uacrussia.ru/,iАвиастКао,Обыкновенная
UPRO,Юнипро ао,Юнипро ПАО - обыкн.,Unknown,Коммунальные услуги,Электроэнергетика,http://www.unipro.energy/,Юнипро ао,Обыкновенная
USBN,УралСиб ао,БАНК УРАЛСИБ ПАО - обыкн.,Unknown,Финансы,Региональные банки,http://www.uralsib.ru/,УралСиб ао,Обыкновенная
UTAR,ЮТэйр ао,"Авиакомпания ""ЮТэйр"" (ПАО) - обыкн.","ПАО «ЮТэйр» осуществляет пассажирские и грузовые авиаперевозки, а также предоставляет вертолетные услуги. В другие сферы деятельности компании входят строительство наземных сооружений, обучение авиационного персонала, а также ремонт и техническое обслуживание самолетов. Компания была основана 7 февраля 1967 года. Штаб-квартира расположена в Ханты-Мансийске, Россия.",Транспорт,Авиакомпании,http://www.utair.ru/,ЮТэйр ао,Обыкновенная
VEON-RX,VEON,VEON Ltd. ORD SHS,Unknown,Связь,Беспроводные телекоммуникации,http://www.veon.com/,VEON,Обыкновенная
VGSB,ВолгЭнСб,"""Волгоград.энергосбыткомп"" ПАО",Unknown,Коммунальные услуги,Электроэнергетика,http://www.energosale34.ru/,ВолгЭнСб,Обыкновенная
VGSBP,ВолгЭнСб-п,"""Волгоград.энергосбыткомп"" ПАО",Unknown,Коммунальные услуги,Электроэнергетика,http://www.energosale34.ru/,ВолгЭнСб-п,Привилегированная
VLHZ,ВХЗ-ао,Владимирский химич.з-д(ПАО) - обыкн.,Unknown,Обрабатывающая промышленность,Химическая промышленность: специализированные химикаты,http://www.vhz-jsc.ru/,ВХЗ-ао,Обыкновенная
VRSB,ТНСэнВорон,ТНС энерго Воронеж ПАО - обыкн.,Unknown,Коммунальные услуги,Электроэнергетика,http://www.voronezh.tns-e.ru/,ТНСэнВорон,Обыкновенная
VRSBP,ТНСэнВор-п,ТНС энерго Воронеж ПАО - прив.,Unknown,Коммунальные услуги,Электроэнергетика,http://www.voronezh.tns-e.ru/,ТНСэнВор-п,Привилегированная
WTCM,ЦМТ ао,"""Центр междун. торговли""ПАО - обыкн.",Unknown,Финансы,Девелопмент недвижимости,http://www.wtcmoscow.ru/,ЦМТ ао,Обыкновенная
WTCMP,ЦМТ ап,"""Центр междун. торговли""ПАО - прив.",Unknown,Финансы,Девелопмент недвижимости,http://www.wtcmoscow.ru/,ЦМТ ап,Привилегированная
YAKG,ЯТЭК ао,Якутская топл.-энерг. комп. - обыкн.,Unknown,Коммунальные услуги,Газоснабжение,http://www.yatec.ru/,ЯТЭК ао,Обыкновенная
YKEN,Якутскэнрг,"АК ""Якутскэнерго"" (ПАО) - обыкн.",Unknown,Коммунальные услуги,Электроэнергетика,http://www.yakutskenergo.ru/,Якутскэнрг,Обыкновенная
YKENP,Якутскэн-п,"АК ""Якутскэнерго"" (ПАО) - прив.",Unknown,Коммунальные услуги,Электроэнергетика,http://www.yakutskenergo.ru/,Якутскэн-п,Привилегированная
YRSB,ТНСэнЯр,ТНС энерго Ярославль ПАО - обыкн.,Unknown,Коммунальные услуги,Электроэнергетика,Unknown,ТНСэнЯр,Обыкновенная
YRSBP,ТНСэнЯр-п,ТНС энерго Ярославль ПАО - прив.,Unknown,Коммунальные услуги,Электроэнергетика,Unknown,ТНСэнЯр-п,Привилегированная
ZAYM,Займер ао,Займер - обыкн.,Unknown,Финансы,Микрофинансирование,Unknown,Займер ао,Обыкновенная
ZVEZ,ЗВЕЗДА ао,ЗВЕЗДА ПАО - обыкн.,Unknown,Промышленное производство,Промышленное оборудование,http://www.zvezda.spb.ru/,ЗВЕЗДА ао,Обыкновенная
ASTR,Астра ао,Группа Астра - обыкн.,Unknown,Технологии,Программное обеспечение,Unknown,Астра ао,Обыкновенная
BANE,Башнефт ао,Башнефть АНК - обыкн.,"ПАО АНК Башнефть, ранее известное как ОАО АНК Башнефть, — это расположенная в России компания, которая работает в индустрии нефти и газа. Основная деятельность компании включает в себя добычу, разведку и производство нефти и нефтепродуктов. У компании есть несколько подразделений и дочерних компаний, включая сеть заправочных станций. В дополнение к этому, компания разрабатывает несколько нефтяных месторождений, таких как Янгарейское и Сабриягинское в Ненецком АО. ОАО АНК Башнефть продает свою продукцию на внутреннем и внешнем рынках. В июле 2013 года, Компания завершила слияние своих нефтехимических активов с Объединенной нефтехимической компанией (United Petrochemical Company, UPC). В декабре 2013 была приобретена ООО Башнефть Нефтегазразведка. В феврале 2014 компания получила 100% капитала Bashneft Trading AG. В марте 2014 было приобретено ООО Башнефтегаз. В августе 2014 компания приобрела сеть заправочных станций ОПТАН.",Энергетические и минеральные ресурсы,Интегрированная нефтяная промышленность,http://www.bashneft.ru/,Башнефт ао,Обыкновенная
BELU,НоваБев ао,НоваБев Групп ПАО - обыкн.,Unknown,Потребительские товары недлительного пользования,Напитки: алкогольные,http://novabev.com/,НоваБев ао,Обыкновенная
CHMF,СевСт-ао,Северсталь (ПАО)ао,"ПАО Северсталь, которая раньше называлось ОАО Северсталь, — это расположенная в России компания, работающая в сталелитейной индустрии. У компании есть три подразделения: ресурсы, российская сталь и международные ресурсы. Подразделение ресурсов фокусируется на производстве железной руды и коксующегося угля; подразделение российской стали специализируется на листовом, длинном и трубопрокате для разных целей; международное подразделение — это стальной актив компании в США. Компания активна как в РФ, так и за рубежом и ведет свою деятельность через большое количество филиалов, дочерних и зависимых компаний.",Несырьевые полезные ископаемые,Сталь,http://www.severstal.com/,СевСт-ао,Обыкновенная
CNRU,ЦИАН,Unknown,Unknown,Услуги,Онлайн-платформы недвижимости,Unknown,ЦИАН,Обыкновенная
DATA,iАренадата,Unknown,Unknown,Технологии,Обработка данных,Unknown,iАренадата,Обыкновенная
DIAS,iДиасофт,Диасофт - обыкн.,Unknown,Технологии,Программное обеспечение для финансов,Unknown,iДиасофт,Обыкновенная
IVAT,iИВА,ПАО ИВА - обыкн.,Unknown,Технологии,Программное обеспечение,Unknown,iИВА,Обыкновенная
LEAS,Европлан,ПАО «ЛК «Европлан»,Unknown,Финансы,Лизинг автомобилей,Unknown,Европлан,Обыкновенная
LKOH,ЛУКОЙЛ,ЛУКОЙЛ,"ПАО «ЛУКОЙЛ» занимается исследованием, добычей, переработкой и сбытом нефти. Компания осуществляет свою деятельность посредством следующих сегментов: Исследование и добыча, Переработка, сбыт и маркетинг, Корпоративный и прочее. Сегмент исследования и добычи занимается исследованием, добычей и переработкой нефти и газа. Сегмент переработки, сбыта и маркетинга включает в себя процесс переработки нефти в нефтепродукты, а также их закупку, продажу и транспортировку. Помимо этого, данное подразделение занимается продажей химических продуктов, выработкой электроэнергии и пара, их сбытом и оказанием сопутствующих услуг. В сегмент корпоративный и прочее входит деятельность компании и предприятий, выходящая за рамки традиционных операций группы. Компания была основана 25 ноября 1991 года. Штаб-квартира расположена в Москве, Россия.",Энергетические и минеральные ресурсы,Переработка и продажа нефти,http://www.lukoil.com/,ЛУКОЙЛ,Обыкновенная
LMBZ,Ламбумиз,Unknown,Unknown,Обрабатывающая промышленность,Тара и упаковочные материалы,Unknown,Ламбумиз,Обыкновенная
MBNK,МТС Банк,МТС-Банк - обыкн.,Unknown,Финансы,Региональные банки,http://www.mtsbank.ru/,МТС Банк,Обыкновенная
MGNT,Магнит ао,"""Магнит"" ПАО - обыкн.","ПАО «Магнит» — холдинговая компания, занимающаяся розничной торговлей и реализацией потребительских товаров. Компания осуществляет продажи через магазины шаговой доступности, гипермаркеты, магазины косметики и т. д. Компания была основана в 1994 году Сергеем Николаевичем Галицким. Штаб-квартира находится в Краснодаре, Россия.",Розничная торговля,Продуктовая розница,http://www.magnit.com/en/,Магнит ао,Обыкновенная
MTLR,Мечел ао,Мечел ПАО - обыкн.,Unknown,Несырьевые полезные ископаемые,Сталь,http://www.mechel.ru/,Мечел ао,Обыкновенная
MVID,М.видео,"""М.видео"" ПАО - обыкн.","ПАО «М.Видео» управляет сетью розничных магазинов электронной техники. Компания занимается продажей телевизоров, аудио- и видеотехники, бытовых электроприборов, цифрового оборудования, медиа-устройств и развлекательных товаров. Компания была основана в 1993 году Александром Анатольевичем Тынкованом и Павлом Юрьевичем Бреевым. Штаб-квартира расположена в Москве, Россия.",Розничная торговля,Оптовая торговля,http://www.mvideo.ru/,М.видео,Обыкновенная
NVTK,Новатэк ао,"ПАО ""НОВАТЭК"" - обыкн.","ПАО «НОВАТЭК» занимается исследованием, добычей, переработкой и сбытом природного газа и жидких углеводородов. Компания осуществляет свою деятельность через следующие географические сегменты: Россия, Европа, Азиатско-Тихоокеанский регион, Северная Америка, Ближний Восток и Прочие. Российский сегмент занимается изучением, добычей и переработкой углеводородов, а также реализацией природного газа, стабильного газового конденсата и прочих продуктов переработки газа и газового конденсата, сжиженного нефтяного газа и сырой нефти. Европейский сегмент осуществляет продажу природного газа, нафты, стабильного газового конденсата, продуктов переработки газового конденсата, сжиженного нефтяного газа и сырой нефти, а также геологоразведочными работами в рамках совместных операций. Азиатско-Тихоокеанский сегмент занимается реализацией нафты и продуктов переработки стабильного газового конденсата и сырой нефти. Североамериканский сегмент включает в себя операции по продаже нафты, продуктов переработки стабильного газового конденсата и сырой нефти. Сегмент Ближнего Востока занимается сбытом природного газа, нафты, сырой нефти, а также проведением геологоразведочных работ в рамках совместных операций. Компания была основана Леонидом Викторовичем Михельсоном 16 августа 1994 года. Штаб-квартира расположена в Москве, Россия.",Энергетические и минеральные ресурсы,Интегрированная нефтяная промышленность,http://www.novatek.ru/,Новатэк ао,Обыкновенная
OZON,OZON-адр,АДР Ozon Holdings PLC ORD SHS,Unknown,Розничная торговля,Розничные интернет-магазины,http://corp.ozon.com/,OZON-адр,Обыкновенная
PHOR,ФосАгро ао,ФосАгро ПАО - обыкн.,Unknown,Обрабатывающая промышленность,Химическая промышленность: сельскохозяйственные химикаты,http://www.phosagro.ru/,ФосАгро ао,Обыкновенная
PIKK,ПИК ао,ПИК СЗ (ПАО) - обыкн.,"Группа Компаний ПИК ПАО (ОАО «Группа ПИК») — российская компания, основная специализация которой сосредоточена вокруг строительства жилья. Её деятельность включает в себя строительство и развитие проектов жилой недвижимости и продажу готовых объектов, включая обслуживание и ремонт жилой недвижимости, застроенной самой компанией и другими застройщиками; производство и сборка бетонных панельных корпусов в Москве и Московской области, а также производство и продажа строительных материалов. Она работает через многочисленные дочерние компании и несколько компаний-партнёров, расположенных в том числе в Москве и Московской области, Ростове, Кирове, Калуге, Туле, Нижнем Новгороде, Калининграде, а также на Кипре.",Потребительские товары длительного пользования,Строительство жилья,http://www.pik-group.com/,ПИК ао,Обыкновенная
PLZL,Полюс,Полюс ПАО - обыкн.,Unknown,Несырьевые полезные ископаемые,Драгоценные металлы,http://polyus.com/,Полюс,Обыкновенная
POSI,iПозитив,Группа Позитив - обыкн.,Unknown,Финансы,Финансовые конгломераты,http://group.ptsecurity.com/ru,iПозитив,Обыкновенная
PRMD,ПРОМОМЕД,ПРОМОМЕД,Unknown,Здравоохранение,Фармацевтика,Unknown,ПРОМОМЕД,Обыкновенная
RAGR,Русагро,Unknown,Unknown,Потребительские товары недлительного пользования,Агропромышленность,Unknown,Русагро,Обыкновенная
RNFT,РуссНфт ао,РуссНефть НК ПАО - обыкн.,Unknown,Энергетические и минеральные ресурсы,Интегрированная нефтяная промышленность,http://www.russneft.ru/,РуссНфт ао,Обыкновенная
ROSN,Роснефть,ПАО НК Роснефть,"ПАО НК «Роснефть» занимается исследованием, освоением, добычей и продажей нефти и газа. Помимо этого, компания осуществляет мероприятия по переработке, транспортировке и продаже нефтепродуктов. Роснефть реализует свою деятельность через следующие бизнес-сегменты: Исследование и добыча, Переработка и сбыт, а также Корпоративный и прочее. Сегмент исследования и добычи занимается поиском и разведкой месторождений нефти и газа и их добычей. Сбыто-перерабатывающий сегмент осуществляет переработку нефти и других углеводородов в нефтепродукты, а также проводит операции по их покупке, продаже и транспортировке. Компания была основана в 1993 году. Штаб-квартира расположена в Москве, Россия.",Энергетические и минеральные ресурсы,Интегрированная нефтяная промышленность,http://www.rosneft.ru/,Роснефть,Обыкновенная
SFIN,ЭсЭфАй ао,ЭсЭфАй ПАО - обыкн.,Unknown,Финансы,"Финансирование, лизинг, аренда",http://www.safmarinvest.ru/,ЭсЭфАй ао,Обыкновенная
SIBN,Газпрнефть,Газпром нефть ПАО - обыкн.,"Газпром нефть ПАО — вертикально интегрированная нефтяная компания, работающая в Российской Федерации, Содружестве Независимых Государств (СНГ) и на международном уровне. Основные виды деятельности компании включают разведку, добычу и разработку нефти и газа, производство очищенных нефтепродуктов, а также дистрибуцию и сбыт через свои торговые точки. Компания управляет своей деятельностью в двух сегментах: ""добывающий"" и ""перерабатывающий"". Добывающий сегмент (разведка и добыча) включает разведку, разработку и добычу сырой нефти и природного газа (включая результаты совместных предприятий), а также услуги в области добычи нефти. Сегмент «перерабатывающий» (переработка и сбыт) включает переработку нефти в продукты нефтепереработки и закупает, продает и транспортирует сырые и нефтепродукты. Компания поставляет товары и услуги для водителей автомобилей и целого ряда предприятий. Более того, она предлагает моторные масла «Газпром нефть» и премиальные масла G-Energy для использования в легковых автомобилях.",Энергетические и минеральные ресурсы,Переработка и продажа нефти,http://www.gazprom-neft.com/,Газпрнефть,Обыкновенная
SMLT,Самолет ао,ГК Самолет - обыкн.,Unknown,Финансы,Девелопмент недвижимости,http://www.samoletgroup.ru/,Самолет ао,Обыкновенная
SPBE,СПБ Биржа,СПБ Биржа - обыкн.,Unknown,Финансы,"Инвестиционные банки, брокеры",http://www.spbexchange.ru/,СПБ Биржа,Обыкновенная
T,Т-Техно ао,Т-Технологии МКПАО - обыкн.,"AT&T Inc — это холдинговая компания, предоставляющая услуги связи и цифровых развлечений на территории США и во всем мире. Компания работает в четырех направлениях: бизнес решения, развлечения, мобильные технологии и международный сегмент. Компания предлагает свои услуги и продукты потребителям в Соединенных Штатах, Мексике и Латинской Америке, а также компаниям и другим поставщикам телекоммуникационных услуг по всему миру. Она также владеет и управляет тремя региональными спортивными телевизионными сетями и сохраняет неконтролирующие доли в другой региональной спортивной сети, а также сети, посвященной программам, связанным с играми и интерактивным играми в Интернете. Их услуги и продукты включают в себя беспроводную связь, сервис передачи данных/широкополосного доступа и Интернет услуги, а также услуги цифрового видео, местной и междугородной телефонной связи, телекоммуникационное оборудование, управляемые сети и оптовые услуги. Дочерние компании включают AT&T Mobility и SKY Brasil Servicos Ltda.",Финансы,Региональные банки,http://www.tcsgh.com.cy/,Т-Техно ао,Обыкновенная
TATN,Татнфт 3ао,"ПАО ""Татнефть"" - обыкн.","ПАО «Татнефть» является недропользователем, оператором и поставщиком нефтегазовых ресурсов, а также производителем нефтехимической продукции. Компания работает в трех сегментах: разведка и добыча; нефтепереработка и сбыт, а также нефтехимическая продукция. Сегмент разведки и добычи состоит из разведки, разработки, добычи и продажи собственной нефти. Сегмент переработки и сбыта состоит из закупок и продаж сырой нефти и продуктов нефтепереработки у третьих сторон, собственных операций по переработке и розничных операций. Сегмент нефтехимической продукции отвечает за производство и реализацию шин, а также нефтехимического сырья и продуктов его переработки, которые используются для производства шин. Компания и ее дочерние предприятия занимаются разведкой, разработкой и добычей сырой нефти преимущественно в Республике Татарстан. Компания также занимается переработкой и сбытом сырой нефти и продуктов её переработки, как и производством и реализацией продуктов нефтехимии.",Энергетические и минеральные ресурсы,Переработка и продажа нефти,http://www.tatneft.ru/,Татнфт 3ао,Обыкновенная
TATNP,Татнфт 3ап,"ПАО ""Татнефть"" - прив.",Unknown,Энергетические и минеральные ресурсы,Переработка и продажа нефти,http://www.tatneft.ru/,Татнфт 3ап,Привилегированная
TRNFP,Транснф ап,Транснефть ПАО акц.пр.,"ПАО «Транснефть», также известная как ОАО «АК Транснефть» (ОАО «Акционерная компания по транспорту нефти Транснефть» или ОАО «Транснефть»), — это российская компания, занимающаяся нефтегазотранспортной промышленностью. Она эксплуатирует около 70 000 километров трубопроводов и более 500 насосных станций. В компании действуют такие системы транспортировки нефти, как, например, Балтийская трубопроводная система, Балтийская трубопроводная система-2, нефтепровод «Восточная Сибирь-Тихий океан» и трубопроводная система Пурпе-Самотлор. ОАО «Транснефть» предлагает свои услуги как на внутреннем, так и на внешнем рынках, включая Польшу, Венгрию, Словакию, Латвию, Китай, Узбекистан, Беларусь и другие. Компания также имеет многочисленные дочерние компании, расположенные внутри страны.",Производственно-технические услуги,Нефте- и газопроводы,http://en.transneft.ru/,Транснф ап,Привилегированная
VKCO,"МКПАО ""ВК""",Международная компания ПАО ВК,Unknown,Технологии,Интернет-сервисы и ПО,http://vk.company/,"МКПАО ""ВК""",Обыкновенная
VSEH,ВИ.ру,ВИ.ру,Unknown,Розничная торговля,Онлайн-ретейл инструментов,Unknown,ВИ.ру,Обыкновенная
VTBR,ВТБ ао,ПАО Банк ВТБ - обыкн.,"ПАО «Банк ВТБ» — финансовое учреждение, предоставляющее целый спектр банковских услуг и продуктов. Компания осуществляет свою деятельность посредством следующих сегментов: Корпоративно-инвестиционный банкинг, Услуги для среднего бизнеса, Розничный банкинг, Казначейские услуги и Прочие услуги. Сегмент корпоративно-инвестиционного банкинга предлагает услуги для крупных предприятий, в то время как сегмент услуг для среднего бизнеса обслуживает субъекты среднего предпринимательства. Сегмент розничного банкинга предлагает сервисы физическим лицам и представителям малого бизнеса, а также все виды страховых услуг. Компания была основана 17 октября 1990 года. Штаб-квартира расположена в Санкт-Петербурге, Россия.",Финансы,Основные банки,http://www.vtb.ru/,ВТБ ао,Обыкновенная
WUSH,iВУШХолднг,ВУШ Холдинг - обыкн.,Unknown,Транспорт,Логистика и доставка,Unknown,iВУШХолднг,Обыкновенная
X5,КЦ ИКС 5,Unknown,Unknown,Розничная торговля,Продуктовая розница,Unknown,КЦ ИКС 5,Обыкновенная
YDEX,ЯНДЕКС,МКПАО ЯНДЕКС,"IPJSC Yandex предоставляет поисковые системы и онлайн-сервисы. Компания осуществляет деятельность через такие бизнес-сегменты, как: Поиск и портал, Яндекс.Маркет, Такси, Медиасервисы, Реклама и Прочее. Сегмент поиска и интернет-порталов включает все услуги, предлагаемые в России, Беларуси и Казахстане. Сегмент такси охватывает сферу, связанную с поездками — например, Яндекс.Такси и Uber в России и других странах. В сегмент Яндекс.Маркет входят сервисы для сравнения цен, а также интернет-площадки для продажи товаров и несколько других небольших экспериментальных бизнесов. В состав сегмента медиасервисов входят: КиноПоиск, Яндекс.Музыка, Яндекс.Афиша, Яндекс.ТВ, Яндекс.Студия и сервисы по подписке Яндекс Плюс. Рекламный сегмент занимается размещением рекламы и объявлений в интернете и связанными с этим комиссиями. Сегмент Прочее состоит из небольших и экспериментальных бизнес-подразделений. Компания была основана в 1989 году Еленой Колмановской, Ильей Сегаловичем, Михаилом Фадеевым и Аркадием Воложем.",Технологии,Интернет-услуги,Unknown,ЯНДЕКС,Обыкновенная
AGRO,AGRO-гдр,ГДР ROS AGRO PLC ORD SHS,"Adecoagro S.A. — это холдинговая компания, которая ведёт различную деятельность, включая выращивание посевов и другой сельскохозяйственной продукции, производство молока, производство сахара, этанола и энергии и трансформацию земель. Компания состоит из трёх основных направлений деятельности: Сельское хозяйство; Трансформация земель и Сахар, этанол, энергия. Её сельскохозяйственная деятельность состоит из сбора определенных сельскохозяйственных продуктов, в том числе сельскохозяйственных культур, грубого риса и сахарного тростника, для продажи третьим сторонам и для внутреннего использования в качестве сырья для различных производственных процессов и производство сырого молока. Производственная деятельность включает в себя, среди прочего, продажу готовой продукции, в том числе обработанного риса, сахара, этанола и энергии, а также предоставление услуг, таких как хранение зерна и кондиционирование, обработка и сушка. Деятельность компании по трансформации земель включает в себя приобретение сельскохозяйственных угодий или предприятий с неразвитыми или недостаточно используемыми сельскохозяйственными угодьями.",Обрабатывающая промышленность,Сельскохозяйственные продукты и помол зерна,http://www.rusagrogroup.ru/,AGRO-гдр,Обыкновенная
AKRN,Акрон,Акрон ПАО - обыкн.,Unknown,Обрабатывающая промышленность,Химическая промышленность: сельскохозяйственные химикаты,http://www.acron.ru/,Акрон,Обыкновенная
AQUA,ИНАРКТИКА,ПАО ИНАРКТИКА,Unknown,Обрабатывающая промышленность,Сельскохозяйственные продукты и помол зерна,http://www.russaquaculture.ru/,ИНАРКТИКА,Обыкновенная
AVAN,Авангрд-ао,"АКБ ""АВАНГАРД"" ПАО - обыкн.",Unknown,Финансы,Региональные банки,http://www.avangard.ru/,Авангрд-ао,Обыкновенная
BANEP,Башнефт ап,Башнефть АНК - прив.,Unknown,Энергетические и минеральные ресурсы,Интегрированная нефтяная промышленность,http://www.bashneft.ru/,Башнефт ап,Привилегированная
BRZL,БурЗолото,Бурятзолото ПАО - обыкн.,Unknown,Несырьевые полезные ископаемые,Драгоценные металлы,http://www.buryatzoloto.ru/,БурЗолото,Обыкновенная
CHKZ,ЧКПЗ ао,"""ЧКПЗ"" ПАО - обыкн.",Unknown,Промышленное производство,Производство оригинальных автомобильных запчастей,http://www.chkpz.ru/,ЧКПЗ ао,Обыкновенная
CHMK,ЧМК ао,"""ЧМК"" ПАО - обыкн.",Unknown,Несырьевые полезные ископаемые,Сталь,http://www.mechel.ru/sector/steel/cmk/,ЧМК ао,Обыкновенная
CIAN,CIAN-адр,АДР Cian PLC ORD SHS,Unknown,Технологии,Интернет-сервисы и ПО,http://www.cian.ru/,Unknown,Обыкновенная
DELI,iКаршеринг,Каршеринг Руссия - обыкн.,Unknown,Транспорт,Каршеринг,Unknown,iКаршеринг,Обыкновенная
DZRD,ДонскЗР,Донской завод радиодеталей - обыкн.,Unknown,Потребительские товары длительного пользования,Товары для дома,http://www.alund.ru/,ДонскЗР,Обыкновенная
DZRDP,ДонскЗР п,Донской завод радиодеталей - прив.,Unknown,Потребительские товары длительного пользования,Товары для дома,http://www.alund.ru/,ДонскЗР п,Привилегированная
ENPG,ЭН+ГРУП ао,МКПАО ЭН+ ГРУП - обыкн.,Unknown,Несырьевые полезные ископаемые,Алюминий,http://www.enplusgroup.com/,ЭН+ГРУП ао,Обыкновенная
ETLN,ETLN-гдр,ГДР ETALON GROUP PLC ORD SHS,Unknown,Потребительские товары длительного пользования,Строительство жилья,http://www.etalongroup.com/,ETLN-гдр,Обыкновенная
EUTR,ЕвроТранс,ЕвроТранс - обыкн.,Unknown,Транспорт,Транспортные услуги,Unknown,ЕвроТранс,Обыкновенная
FIXP,FIXP-гдр,ГДР FixPrice Group PLC ORD SHS,Unknown,Розничная торговля,Универмаги,http://ir.fix-price.com/,FIXP-гдр,Обыкновенная
GCHE,ЧеркизГ-ао,Группа Черкизово ПАО - обыкн.,Unknown,Обрабатывающая промышленность,Сельскохозяйственные продукты и помол зерна,http://cherkizovo.com/en/,ЧеркизГ-ао,Обыкновенная
GEMC,МКПАО ЮМГ,Юнайтед Медикал Груп ПАО,Unknown,Здравоохранение,Услуги по уходу за больными,http://www.umg.com.cy/,МКПАО ЮМГ,Обыкновенная
HEAD,Хэдхантер,МКПАО Хэдхантер,Unknown,Услуги,Онлайн-рекрутинг,Unknown,Хэдхантер,Обыкновенная
HNFG,ХЭНДЕРСОН,ХЭНДЕРСОН - обыкн.,Unknown,Розничная торговля,Производство и продажа одежды,Unknown,ХЭНДЕРСОН,Обыкновенная
IGST,Ижсталь2ао,Ижсталь ПАО ао 2в.,Unknown,Несырьевые полезные ископаемые,Сталь,http://www.izhstal.ru/,Ижсталь2ао,Обыкновенная
IGSTP,Ижсталь ап,Ижсталь ПАО - прив.,Unknown,Несырьевые полезные ископаемые,Сталь,http://www.izhstal.ru/,Ижсталь ап,Привилегированная
INGR,ИНГРАД ао,ИНГРАД ПАО - обыкн.,Unknown,Финансы,Девелопмент недвижимости,http://www.opin.ru/,ИНГРАД ао,Обыкновенная
KMEZ,КМЗ,Ковровский механический завод,Unknown,Промышленное производство,Промышленное оборудование,http://www.kvmz.ru/,КМЗ,Обыкновенная
KOGK,КоршГОК ао,Коршуновский ГОК ПАО - обыкн.,Unknown,Несырьевые полезные ископаемые,Сталь,http://www.mechel.ru/sector/mining/korshunovskij_gok,КоршГОК ао,Обыкновенная
KRKN,СаратНПЗ,Саратовский НПЗ ПАО - обыкн.,Unknown,Энергетические и минеральные ресурсы,Переработка и продажа нефти,Unknown,СаратНПЗ,Обыкновенная
KRKNP,СаратНПЗ-п,Саратовский НПЗ ПАО - прив.,Unknown,Энергетические и минеральные ресурсы,Переработка и продажа нефти,Unknown,СаратНПЗ-п,Привилегированная
LENT,Лента ао,Лента МКПАО - обыкн.,"ПАО «Лента» занимается управлением и развитием сети гипермаркетов и супермаркетов. Основной особенностью гипермаркетов «Лента» является их ценовой формат, помимо этого, сами магазины имеют сильные различия между собой с точки зрения стратегии продвижения и ценообразования, а также ассортимента местных товаров. Компания была основана 25 октября 1993 года. Штаб-квартира находится в Санкт-Петербурге, Россия.",Розничная торговля,Продуктовая розница,http://www.lentainvestor.com/,Лента ао,Обыкновенная
LNZL,Лензолото,"""Лензолото"" ПАО - обыкн.",Unknown,Несырьевые полезные ископаемые,Драгоценные металлы,http://www.len-zoloto.ru/,Лензолото,Обыкновенная
LNZLP,Лензол. ап,"""Лензолото"" ПАО - прив.",Unknown,Несырьевые полезные ископаемые,Драгоценные металлы,http://www.len-zoloto.ru/,Лензол. ап,Привилегированная
LSRG,ЛСР ао,Группа ЛСР ПАО - обыкн.,Unknown,Финансы,Девелопмент недвижимости,http://www.lsrgroup.ru/,ЛСР ао,Обыкновенная
MDMG,MDMG-ао,МКПАО «МД Медикал Груп»,Unknown,Здравоохранение,Медицинские услуги,Unknown,MDMG-ао,Обыкновенная
MGNZ,СМЗ-ао,Соликамский магн.завод(ОАО)ао,Unknown,Несырьевые полезные ископаемые,Прочие металлы и минералы,http://www.smw.ru/,СМЗ-ао,Обыкновенная
MGTS,МГТС-5ао,"ПАО ""МГТС"" ао (5 в)",Unknown,Связь,Ведущие телекоммуникационные компании,http://www.mgts.ru/,МГТС-5ао,Обыкновенная
MGTSP,МГТС-4ап,"ПАО ""МГТС"" - прив.",Unknown,Связь,Ведущие телекоммуникационные компании,http://www.mgts.ru/,МГТС-4ап,Привилегированная
NNSB,ТНСэнНН ао,ТНС энерго Нижний Новг.ПАО - обыкн.,Unknown,Коммунальные услуги,Электроэнергетика,http://www.nn.tns-e.ru/,ТНСэнНН ао,Обыкновенная
NNSBP,ТНСэнНН ап,ТНС энерго Нижний Новг.ПАО - прив.,Unknown,Коммунальные услуги,Электроэнергетика,http://www.nn.tns-e.ru/,ТНСэнНН ап,Привилегированная
OMZZP,ОМЗ-ап,"ап""Объединён. маш. заводы""",Unknown,Производственно-технические услуги,Нефтепромысловое оборудование и услуги,http://www.omz.ru/,ОМЗ-ап,Привилегированная
PAZA,ПавлАвт ао,Павловский автобус ПАО - обыкн.,Unknown,Потребительские товары длительного пользования,Автомобильная промышленность,http://www.paz-bus.ru/,ПавлАвт ао,Обыкновенная
PRMB,Приморье,"АКБ ""Приморье"" - обыкн.",Unknown,Финансы,Региональные банки,http://www.primbank.ru/,Приморье,Обыкновенная
QIWI,iNanduQPLC,NanduQ PLC,Unknown,Технологии,Услуги обработки информации,http://www.qiwi.com/,iNanduQPLC,Обыкновенная
RKKE,ЭнергияРКК,РКК Энергия им.С.П.Королева - обыкн.,Unknown,Электронные технологии,Авиакосмическая и оборонная промышленность,http://www.energia.ru/,ЭнергияРКК,Обыкновенная
RTGZ,ГР Ростов,Газпром газорасп Р-н-Д ПАО - обыкн.,Unknown,Коммунальные услуги,Газоснабжение,http://www.rostovoblgaz.ru/,ГР Ростов,Обыкновенная
SVAV,СОЛЛЕРС,"ПАО ""СОЛЛЕРС""",Unknown,Потребительские товары длительного пользования,Автомобильная промышленность,http://www.sollers-auto.com/,СОЛЛЕРС,Обыкновенная
SVET,Светофор,Светофор Групп - обыкн.,Unknown,Розничная торговля,Прочие коммерческие услуги,http://www.svetoforgroup.ru/,Светофор,Обыкновенная
SVETP,Светофор п,Светофор Групп - прив.,Unknown,Розничная торговля,Дискаунтеры,Unknown,Светофор п,Привилегированная
TNSE,ТНСэнрг ао,"ПАО ГК ""ТНС энерго"" - обыкн.",Unknown,Коммунальные услуги,Электроэнергетика,http://www.tns-s.ru/,ТНСэнрг ао,Обыкновенная
UKUZ,ЮжКузб. ао,Южный Кузбасс ПАО - обыкн.,Unknown,Энергетические и минеральные ресурсы,Уголь,http://www.ukuzbass.ru/,ЮжКузб. ао,Обыкновенная
UNKL,ЮУНК ао,Южно-Уральский никел. комб. - обыкн.,Unknown,Несырьевые полезные ископаемые,Прочие металлы и минералы,http://www.unickel.ru/,ЮУНК ао,Обыкновенная
URKZ,УрКузница,"ПАО ""Уральская кузница"" - обыкн.",Unknown,Несырьевые полезные ископаемые,Сталь,http://www.uralkuz.ru/,УрКузница,Обыкновенная
UWGN,ОВК ао,ПАО НПК ОВК - обыкн.,Unknown,Промышленное производство,"Грузовые автомобили, строительная и сельскохозяйственная техника",http://www.uniwagon.com/en,ОВК ао,Обыкновенная
VJGZ,Варьеган,ННК-Варьеганнефтегаз ПАО - обыкн.,Unknown,Энергетические и минеральные ресурсы,Интегрированная нефтяная промышленность,http://www.varyeganneftegaz.ru/,Варьеган,Обыкновенная
VJGZP,Варьеган-п,ННК-Варьеганнефтегаз ПАО - прив.,Unknown,Энергетические и минеральные ресурсы,Интегрированная нефтяная промышленность,http://www.varyeganneftegaz.ru/,Варьеган-п,Привилегированная
VSMO,ВСМПО-АВСМ,Корп. ВСМПО-АВИСМА (ПАО) - обыкн.,Unknown,Несырьевые полезные ископаемые,Прочие металлы и минералы,http://www.vsmpo.ru/,ВСМПО-АВСМ,Обыкновенная
VSYD,ВыбСудЗ ао,Выборгский Суд.Завод ПАО - обыкн.,Unknown,Промышленное производство,"Грузовые автомобили, строительная и сельскохозяйственная техника",http://www.vyborgshipyard.ru/,ВыбСудЗ ао,Обыкновенная
VSYDP,ВыбСудЗ ап,Выборгский Суд.Завод ПАО - прив.,Unknown,Промышленное производство,"Грузовые автомобили, строительная и сельскохозяйственная техника",http://www.vyborgshipyard.ru/,ВыбСудЗ ап,Привилегированная
ZILL,ЗИЛ ао,Завод им. И.А.Лихачева ПАО - обыкн.,Unknown,Потребительские товары длительного пользования,Автомобильная промышленность,http://www.amo-zil.ru/,ЗИЛ ао,Обыкновенная
